traffic_level,weather_condition,distance_km,time_of_day,day_of_week,delay_mins
3,2,207.65897554942407,22,4,71.66356375484649
4,3,406.3848975989196,21,4,108.51766778830569
2,4,418.73383431570545,0,3,93.49427218508208
4,4,169.43456139222428,10,2,133.7335064747561
4,4,348.34093844952866,9,3,142.74247999424162
1,2,386.70579384668383,4,4,45.58548749559472
2,3,329.0520899986475,15,0,70.60280271070705
2,1,80.03956202604918,10,0,69.45882678855732
2,1,438.5621263409432,20,1,52.050036364639276
4,2,271.8518036043243,5,5,77.06834466964943
3,4,144.82385105315183,8,6,117.71248860885376
2,0,215.4879517916585,12,6,26.08451056766811
5,2,23.597689747459153,23,6,86.91542962905088
4,2,68.29406660509669,7,1,81.74832514792878
1,3,383.94564150535115,13,0,64.91916201893497
3,1,5.00575920390624,23,4,56.92464647226115
5,2,211.20008509873463,0,1,95.8102903281446
5,2,263.64253963736627,16,6,117.04996664438893
1,4,32.044037900481285,23,6,63.1852364485774
3,4,486.67369067130477,4,3,106.63075373481199
4,0,116.9320389685876,1,6,41.787000228190365
0,3,155.57836621995904,23,5,44.826791139795
3,0,155.45154356623854,8,6,60.50039698084139
1,4,119.0562477480882,3,3,71.8389893805446
5,1,5.729541932724151,16,6,93.53441953902019
4,4,366.0256730735582,16,5,136.69413042092143
3,3,483.58852240064624,20,4,96.40129334027192
0,4,116.02527422609731,17,1,93.03624792239661
0,3,333.2083599426941,15,5,59.326666076183734
2,3,372.238681844564,7,3,76.49550626561016
2,3,424.9705626498097,10,1,103.85550689748743
1,3,214.2014525217365,20,1,67.08708613890302
3,3,154.95079829201248,20,3,76.74571118115466
3,1,166.0210913414004,17,0,83.34856436034651
5,0,357.74755988376387,22,6,73.66667481465355
5,2,409.30583592028984,23,5,93.74131508821768
5,0,94.89891403951832,9,3,93.81117400880866
2,3,188.61579903809377,12,4,83.06089638226979
3,1,451.46039739082926,16,2,88.91844130037073
3,4,404.31329224889595,17,3,132.05878768827853
0,1,492.5049093674255,9,6,44.251217941702215
2,3,378.35288854262996,15,6,81.91307741605722
4,1,199.63162450882152,19,1,86.86467922699087
2,1,297.36572782734567,4,1,46.79601856974873
4,3,332.20205585242354,12,3,101.9995166537036
0,1,43.83562907697635,17,2,24.39544752162688
1,2,274.52599475641324,16,3,74.51953681280703
3,2,356.11381009394177,8,2,111.22965013427128
0,1,87.82404548052489,13,2,6.297198798258142
3,4,391.4127001256508,16,6,128.55879403244734
5,3,293.96752635448524,3,6,101.14377364341661
1,2,476.34978392030933,17,6,72.0562884843803
1,4,25.99903761241139,19,4,87.87109647814671
0,1,136.33643808995615,23,6,18.52444039678521
1,4,302.76917025341294,23,5,82.02340742136623
4,0,151.7971565419357,14,1,53.084636294684174
1,2,358.6399612152649,10,1,69.52188687701744
3,1,380.70761484835583,11,2,55.567178513987486
3,3,55.74540221290486,8,1,108.4762714746863
3,1,259.35795978235,12,0,51.6925392449524
3,3,256.90082501757263,14,2,79.49404095777325
4,1,187.79398125669283,14,1,65.56024432462405
2,4,466.7978069719877,4,0,88.61241509307771
5,4,414.6156283372445,22,4,130.3501021530131
0,4,350.11864404527023,18,1,98.49585988248998
3,0,358.59168468882376,19,0,81.15975070730529
1,3,233.54949118749394,13,3,63.361324384448125
3,4,460.89228794280507,16,5,133.4477065729538
1,0,348.82473649037627,17,3,40.97990801333689
5,3,365.84562551962915,20,0,109.63002863928486
5,1,431.5369973747359,2,2,90.05102118019941
5,0,140.66543672438453,1,6,61.4316697337538
1,2,404.500097414018,0,6,50.45473884130927
3,0,101.64409846346356,9,6,69.14776031991094
5,0,175.9442663612195,18,2,87.17574946779143
4,3,171.12717486357215,16,1,128.9246456857122
1,1,489.3701068526246,11,6,39.65254881730952
1,2,428.9859257552238,0,3,52.85670936999555
3,4,352.07908148717854,11,2,99.80063589440685
1,4,364.89309699961814,16,2,106.84349191524288
1,0,283.2260332292727,23,6,15.519290925254221
5,3,473.80988021871696,2,3,116.82324188535286
3,3,250.64808267676895,10,4,110.50383632473324
5,4,193.3562663855978,16,2,153.70117318263254
5,2,85.70249178113754,22,6,91.55519397163897
3,1,394.1717978692237,2,5,69.07272370856796
0,2,368.54974637741776,7,0,35.99326003556972
5,1,195.25574406944676,19,1,101.23224107127139
4,4,17.470739909818533,3,2,110.07998373220263
4,1,420.3036772204153,20,5,76.79542882354566
1,3,10.651901809766448,21,5,62.5635304603317
4,0,353.3313909163802,6,2,55.90053504034009
1,0,485.27726931439827,13,4,23.400991190311892
0,4,221.64235743336073,13,0,66.13553743552933
3,3,121.31183547299662,3,1,78.0368726413193
3,2,353.91114997147395,15,2,78.19859020825997
3,3,409.4784302977146,23,1,82.90028644535096
4,0,275.4830064585344,21,3,48.12966675024673
0,0,483.68246125179235,0,5,9.948784647643173
4,3,30.576017220690748,16,5,117.01222167368611
4,3,254.87382116074141,9,2,127.07826342009207
0,0,360.6347039246623,21,2,9.44945744184415
0,2,432.0070332188436,15,3,39.331147599730336
0,4,93.73152789435608,15,4,56.24696057802687
0,4,401.0017234730223,7,2,68.15283499377745
3,3,278.5900024806799,6,5,86.30924270400652
2,4,201.29407258503178,5,1,89.1368151362115
2,0,70.19893914665131,15,0,23.253788755794837
0,0,433.32140065991166,19,6,36.28051570316595
2,3,82.8502380489591,15,1,68.92419957244485
2,3,158.34499030850412,6,4,74.31246713181564
0,3,148.57253832140626,8,0,76.95168863685687
2,2,436.3499469244729,13,1,60.05402144522759
4,4,337.9879821334045,10,1,135.89896729176067
1,3,399.3572916097293,13,3,67.36897661454128
1,1,128.981609902287,6,6,22.974133794473595
0,1,314.3126793054645,0,4,26.844577360569602
3,0,288.0142616561556,12,5,41.81509831870799
0,4,417.2510365101942,19,3,92.77122872071206
3,3,453.51309493822396,2,0,92.80034149052061
1,1,11.017601881306469,19,6,54.64012463973661
0,4,338.6398599341024,3,5,66.80538757357658
5,0,30.658720564265867,10,3,90.00625646429488
4,2,276.6850392132912,1,6,80.17175925751455
2,4,147.37820087662072,13,4,90.50934648400055
3,4,156.8544167634599,11,2,93.74397097692382
5,2,179.7144592089165,16,2,121.147534139504
2,4,312.539762279557,11,0,88.61142876325636
2,0,170.35473300604076,11,2,20.85166434827486
0,0,367.6860300421888,0,3,8.636934686565642
2,2,205.24105585906548,12,0,57.93268865142766
4,3,38.83483415342952,13,5,86.06306913565795
5,1,392.9611220296331,23,4,72.29089472779401
2,3,146.45037067338947,1,0,71.16768824638031
0,4,219.219605401635,11,5,72.47552191154183
4,1,344.29472219484126,20,0,71.49096948492638
1,2,169.56579778861246,15,1,42.049799772200025
5,2,33.00989979262424,3,1,96.06954557429177
2,1,190.09091827134273,7,0,47.337936454799646
0,0,472.5020484336802,1,6,15.807936358620534
1,1,322.6585266627863,9,2,61.872659354969265
1,4,337.3821785902674,8,1,108.1771551873614
3,0,317.97966605063175,22,6,46.015135976075456
4,2,103.50110878492121,14,6,77.6824974386163
2,1,212.07526273062865,12,4,35.0551015575946
0,3,376.71520018984256,22,5,49.92862702483159
3,3,55.17958428881378,16,3,112.62827657078304
4,4,142.53712416440757,15,1,108.9456883028153
3,3,141.77795869059753,1,0,83.10826391827517
5,1,218.84936915928046,19,2,98.54806271745338
4,1,490.28252676638164,19,3,95.05020267453152
4,3,38.41376060849186,13,5,93.72282937825271
2,1,261.75699221839454,2,6,46.697950733661656
4,4,93.78551759604417,22,5,107.58240551604256
3,0,485.48488997782334,11,1,43.06701067146797
4,4,61.08523484009478,7,5,113.43258252254623
2,4,204.78249616898768,1,5,89.72198255557088
2,1,370.25306749313006,3,2,48.648423675823345
5,0,353.7544418735854,13,6,74.71669176781356
3,1,214.25067526249646,15,2,52.759641563198144
1,2,176.52946313659552,18,2,70.28549341032374
1,1,201.81812738367094,1,0,33.79216141978915
4,1,135.81675026352644,11,5,61.35879819698046
5,1,106.6398046598659,13,5,78.2780447844579
0,0,244.10465029165053,5,5,4.993075492128512
4,1,137.92420925346562,12,4,79.64498124291492
5,0,147.2935241241388,3,2,63.44521799080814
3,3,330.09425141990573,21,3,93.38658385621977
3,2,484.42597919144663,17,1,104.83823565306315
3,0,303.80041427689065,11,6,36.29320026983287
3,3,43.104836197158306,19,3,99.11797753413967
3,0,42.413888857763155,21,6,38.08335080398673
5,0,475.95449431855513,20,0,75.80576319710588
5,2,152.15894120213014,18,0,119.48275292185848
2,4,50.57315811082534,7,6,85.40572218230237
1,4,301.5270706394389,6,5,76.61010814804253
3,0,313.7061452536817,15,3,35.65431667209161
0,1,326.00988595875066,18,5,41.71759413122996
5,3,137.36400378948295,5,4,99.63571163159116
0,1,12.479788686165142,19,0,34.73436277815704
0,1,482.6826078799636,20,0,22.02361097045252
0,0,129.1920576170957,10,3,31.463921259926845
2,0,339.63301258601103,4,0,28.56732394774223
5,0,354.78178558996126,15,4,68.3737646395478
0,0,306.9536714543454,6,4,6.815219484970316
3,4,159.88916013575587,4,4,101.69302738012999
4,0,139.19264561321256,10,1,70.60977825467796
0,4,300.845799937838,14,4,71.3128845743745
2,4,433.7173386377873,2,4,85.63846184798777
5,0,473.63319581708083,4,1,67.23359790440858
2,2,57.42337317986003,22,5,55.04394042471431
0,3,81.64016323587133,20,2,50.43352750546616
5,1,472.64444809762443,4,0,91.34943563970624
4,4,369.5849380257223,8,4,144.2318563611564
0,3,442.0819432907377,14,0,60.92122065309405
2,2,105.30315389699486,2,3,51.96018343040337
1,1,295.85500619915393,5,0,38.86895252433912
3,1,352.06409923664944,16,6,88.13456563429949
2,4,341.65538329625144,20,5,78.8517323807967
5,0,207.03508697901557,7,1,63.03838052010892
0,2,12.620471387197696,20,0,33.262596544652865
3,4,293.54839811811024,10,0,124.29389863513501
0,2,130.28526189390635,5,0,27.176579376396944
5,0,227.87585184073072,7,2,75.12839312652399
0,0,479.0026024664896,9,2,35.135252804184326
1,4,202.52248223300518,23,3,76.74247681543041
3,0,420.7017952988912,2,1,37.8690653316025
3,3,98.3275998458793,22,0,79.90474701793639
5,1,337.8679465223893,13,0,77.26815578358827
1,4,488.618442447277,22,0,87.16724499964207
2,2,55.437084932103716,13,0,57.631909803272336
0,3,9.118371402460046,9,2,67.32954896401655
4,4,219.6234823531441,11,5,115.19497084039395
0,0,50.849614110426764,5,5,0.0
0,0,375.45025308973453,11,3,8.681458651687398
2,0,457.70158860503665,22,6,34.30285120802927
0,0,219.84038149083563,13,4,6.498143682214707
1,2,133.06226286694329,1,1,46.15950487432259
1,3,220.02964290827185,8,5,88.50584111398999
3,1,363.1066698357505,9,6,89.54117494914287
5,2,9.481809982283634,16,0,118.3924499650133
4,2,296.77972479492513,16,5,107.2510856822687
0,1,308.57938401925264,2,3,20.68182395045918
0,1,320.6556822134881,18,4,52.5639665842551
2,0,124.80092959053422,0,5,27.058130866551757
5,2,358.4560980721727,11,3,95.29902987465795
1,4,50.238785734229324,6,2,69.84908400403441
4,1,103.6388165510664,3,4,66.43796687185257
3,1,439.3476730939685,9,3,80.51266944915149
1,3,370.6679596096503,12,6,70.83733631136454
5,4,11.8040492356159,1,5,115.04698921592691
3,4,127.9462488830511,9,2,130.94926360525812
2,1,111.13120908161646,20,6,39.79647260227008
2,0,139.04913237830144,21,3,21.397295879427748
0,3,127.54208628854377,3,3,48.496720418597754
5,4,35.950516392708636,17,6,140.95381453678272
4,1,232.17555571542607,4,5,67.81536991945983
3,4,367.70307001915177,18,4,125.46634374238639
1,3,305.33220373513103,1,2,67.83201041404809
5,3,338.0714759560495,11,0,112.44517756880916
5,2,45.16884337543838,16,1,109.96087270713609
2,1,475.9879015375097,9,4,70.53457532862016
0,3,420.0534577522973,1,2,56.925805403011594
0,2,403.51970765535305,5,6,44.505854672059435
3,2,412.3769834956749,7,3,74.02116563257508
2,4,466.6917015257169,18,6,113.11185122116981
5,4,274.40571322628034,10,2,155.75829581878006
4,2,104.13959884447482,11,6,83.58561035135637
2,4,310.3078858870079,8,6,121.7388556392529
3,3,372.7263393656298,1,1,89.90557237941914
3,0,370.26910971024256,7,5,40.80239761522039
2,3,263.11726696260564,10,1,101.84678776623001
3,2,38.887066070121136,20,0,68.40938743861032
2,2,188.70090452291328,3,0,54.89964963122809
1,3,460.77947118936186,9,1,92.20878234302427
2,4,294.30221032992586,20,4,88.91091476248828
2,4,271.4743119115781,19,4,118.14717546314996
3,2,138.0824896191858,15,6,71.2216843439609
3,1,187.38221535870656,7,6,49.489687340768185
0,4,448.1963141308188,3,3,63.20181338581142
0,3,334.8992085257837,9,0,76.2489283026479
1,4,394.75657824240477,11,3,80.05922799174468
0,3,229.9009844184893,13,0,53.402903558828925
2,2,316.9723736307982,15,1,62.90596702542541
3,4,127.94988632788773,21,4,105.85242594262147
0,3,354.2031109903257,17,6,74.74809489842936
0,2,216.66266018315196,20,4,31.711822856527007
1,1,224.06002983329907,21,1,26.682130568440762
5,3,326.4145506655564,20,3,115.27532658718653
1,1,468.4589076271187,11,3,36.47793907262218
2,1,36.683141571267356,17,2,55.465645246617115
3,0,413.2479024867688,6,6,45.27578493827484
1,4,149.7296396540356,19,6,101.32444363216607
0,3,224.74012998065703,23,6,48.77306788587392
3,1,15.847097743629433,22,0,52.80021621966468
3,0,154.01780852798495,6,3,32.97917767443109
0,2,253.80246510191458,8,1,68.28120847253842
1,3,32.807158286982315,0,3,59.55744029611927
0,1,248.09238604466674,5,4,11.093353305500223
5,4,463.91976128492155,5,0,129.24890972904788
3,0,57.169642963363586,21,6,39.17699385752785
4,1,383.3981603973746,11,5,65.10330283333225
4,4,207.78717142111634,21,2,114.82389482348951
2,1,329.31098868954734,11,0,53.99084788883427
0,3,133.81711600268852,9,4,69.45449701730612
0,3,83.94866995797236,22,6,48.82116687850917
2,3,84.42899406425708,5,4,71.73157287624612
2,0,39.8935130933566,16,4,54.63932026092904
2,3,96.8951189261153,18,6,95.3936928554016
3,4,333.78859556953927,17,4,122.34218877958143
5,1,441.4368528625365,5,1,88.34964829212427
0,2,407.9922143676251,23,2,33.12354133375178
3,4,344.14148338786964,18,5,136.92713655722213
2,4,59.66377238849582,9,4,112.99712219284575
0,3,148.14778591649517,23,4,44.96849203525308
3,0,158.35440328462215,7,3,44.71034612822373
5,1,128.72868846682252,20,2,77.52862859918203
3,0,259.92780155631294,23,0,40.09152822615614
5,1,270.0991383654379,5,2,76.99763588681992
2,1,181.65855770969955,20,2,33.2422761565348
5,0,180.12563357453584,6,6,66.62447552332485
0,4,415.13502096351027,23,6,60.16206661018217
2,1,395.69995991824436,0,6,42.947527539108
0,0,157.35893668196908,17,5,30.311401502890767
4,1,457.32527971726336,23,2,69.6431235868677
1,2,476.6434334162405,19,5,77.31862802227955
5,4,166.73755830487022,11,4,117.26627459634913
1,3,180.44034965256216,15,6,58.866510127361735
1,1,255.28890594386962,9,4,57.922706643668334
5,2,470.8548022041684,9,6,119.65973346440475
2,3,438.7781194054442,13,1,86.20737977681848
4,3,55.77114147887695,19,5,115.92830326517391
0,1,199.40171791935103,9,5,50.880118298466556
3,0,278.91873892613705,9,0,65.73934705479041
0,1,254.05057391301233,10,3,37.23863364785348
3,2,100.96221862876187,22,2,62.33474032959698
0,3,430.11430172823657,1,0,54.48268247922163
5,1,340.0856875834345,19,5,111.96559251446081
4,0,419.7646455516428,7,0,65.24417857415966
3,1,430.0883182779887,22,1,60.24286000852625
2,4,375.43614756454116,6,3,85.62250421381792
0,0,222.4092476186101,7,5,5.8406103550959285
0,2,307.22064373263515,0,5,32.018339507851934
3,3,84.38087602927286,20,2,84.64857562655823
2,1,338.4544816500793,1,6,41.06171687097384
2,0,93.73036159094397,17,3,40.42675604596982
5,4,348.5050473025276,14,1,133.55437924415006
5,0,118.65108957321449,0,4,61.24093813473798
5,4,63.18789357435889,4,0,121.51205954057008
5,2,86.81582262076392,1,2,96.71982332361289
5,3,5.986106933439783,19,5,139.51395568532607
5,2,360.77611083749747,2,4,100.81592547749473
4,1,367.53851928389764,18,1,95.865778466696
2,0,259.89200820706344,17,3,56.512204544707465
5,4,84.87458652241493,21,0,120.22357651401511
2,4,46.35939706779143,17,2,110.10775983380402
2,0,14.468838386457069,13,5,25.013694957025063
1,0,87.04534759778424,23,5,9.807780667940019
4,1,445.97348981665766,7,4,72.02533773072253
5,2,124.56073664233247,11,4,94.3267239953663
0,4,180.36430697252175,20,0,66.19237062732819
3,1,57.14601481825993,9,3,79.32953920851176
0,2,115.06884585034429,22,1,25.606250826635012
4,1,262.01616253620153,19,6,99.38661796372232
3,4,305.837578132348,16,3,132.84815769991604
4,0,126.44939551227448,10,3,75.04824586915154
2,0,33.57741881643302,1,3,26.949091851855833
3,2,198.56127021806233,3,6,68.88845656881871
2,3,120.9306686085354,0,0,75.17840168622804
0,2,113.67919199875196,14,6,28.202224609308193
0,3,480.1320873431604,12,0,61.31494472331783
3,1,310.06874053323344,7,6,60.71241286975445
3,1,280.6548293701875,3,1,60.24026554524821
5,4,210.80867624404436,9,3,148.69090914275182
4,3,217.3274450479214,18,0,115.28345637629496
5,4,272.74797689985,17,6,154.87463303860085
4,0,349.7327544828731,4,1,48.09684841514471
5,3,352.56231761000555,18,6,141.53110965332283
2,2,89.98848431419754,22,5,51.93913360212284
3,0,252.55581227793036,21,1,33.115872975405594
0,0,208.91925704188048,15,3,4.183383659405263
4,2,435.9108483033452,0,2,92.63221971875893
4,0,317.5523660030963,11,3,49.52302857796849
0,3,268.589512875911,23,2,58.366963379492354
5,4,62.1203478785641,1,1,124.52610967672464
4,0,304.79075521508867,20,5,54.879612716131156
2,3,63.01593331171554,7,5,68.08219738503875
3,1,171.91725490504726,17,0,77.60885833912688
0,3,75.70677258309428,15,5,48.66497159541634
3,4,347.5764552770626,4,4,107.18173339813656
4,3,107.09479634889554,21,1,92.17441483871747
4,2,198.97038972807286,12,0,77.94684115813762
0,4,448.35901492129545,18,5,92.89804620631658
2,1,106.1366097824903,2,1,48.090875574936526
1,2,256.36350665959566,7,3,41.04282843150958
0,3,212.5394722771809,11,5,54.963177669257476
1,4,13.971400317636217,1,6,72.49082716431839
5,1,397.41526621854234,10,2,99.68460960857777
1,2,39.17772362572686,11,1,40.475392464686124
2,1,239.75623538359204,17,0,71.8434650723732
5,3,282.53575599478023,12,3,119.65978484509941
1,1,316.0710960242206,4,4,26.684558303576573
5,0,345.8726565073984,21,3,52.82157074987167
1,2,130.36982984374396,11,5,38.05963251958519
2,1,9.93949444593244,1,2,44.85086742825118
1,3,363.1046128656814,4,3,55.29338372197152
1,3,270.1500166770514,6,4,69.88926978793796
1,1,418.87826308758815,23,6,41.45161000056137
0,3,411.5872396358437,11,0,54.18692600303066
0,4,422.44645305500217,15,1,65.3171025093649
0,4,245.12185668987237,22,2,65.17874026288317
2,4,170.1460559392485,7,4,90.45835787948548
5,0,396.8213102827281,8,5,95.22880852928105
4,1,228.3905859494812,14,5,76.26610858534013
1,0,95.80388721970009,4,5,12.615565495261517
1,3,428.2121396829298,12,2,59.06002792554361
2,0,441.8671390023119,4,3,25.450939244385616
1,3,235.82332928938422,10,2,78.33001024549193
0,3,42.4713650183448,9,5,71.83082191304493
4,2,196.97391450888097,19,6,105.76763478656534
3,4,402.75114143398866,12,4,104.21829584315113
1,3,451.3781441303832,8,1,88.34226517857675
0,2,105.71900753630995,20,1,26.563545857112814
3,4,38.15193795250941,13,2,99.83471818218746
4,3,439.2884743007551,17,5,114.47044998678385
3,3,197.75544479454328,14,0,80.94713105712218
0,0,273.1716773124438,9,6,34.39588434609083
5,0,484.1925769651257,23,2,65.17965940578732
5,4,37.94954031754031,6,5,122.7173679053433
3,3,325.9174136887873,7,3,83.51705279609342
2,1,41.682184174559204,2,1,37.55441931433975
3,0,190.85711959091768,14,1,42.69174497084234
1,4,402.8881998707561,15,6,73.66852241209946
1,3,219.56875521403902,3,1,65.11776675466251
5,3,498.6052651819605,20,0,115.20170776587804
2,1,281.73434604856806,5,5,50.916881257866514
0,4,163.97526555479698,0,5,64.32025516932964
1,3,113.9551063228528,3,6,53.93166902406032
5,0,178.5076644716501,10,5,97.21012539913917
4,1,189.40397051097764,11,6,61.858364686208766
5,4,39.013270473360684,4,5,119.6444849887975
1,1,187.93922871625273,22,0,35.54582920913392
1,0,234.79806727091633,20,4,7.296322472000135
5,4,362.75518735820833,15,2,134.45344864773352
0,1,330.0810949371959,12,2,15.847200437112349
3,2,355.83899933843134,12,5,70.84178288758076
1,0,9.140022529044263,16,3,38.62708997156926
5,0,112.74536279236534,6,1,62.046377975420306
5,0,332.53372275792896,7,0,70.59655474741085
2,2,244.57473724897483,12,3,50.88745689012424
3,2,7.6301704558312435,22,3,69.7898601779802
4,3,403.2248480037521,15,5,105.1007088989427
0,1,387.540738778717,3,0,27.896943921803803
4,3,276.4674856818135,7,2,90.58104585380421
3,1,37.8993462592547,15,1,44.413310756039984
3,2,384.4249495186294,20,2,71.97662074208003
3,2,293.93822592702514,9,3,90.07463561202701
4,3,392.0701886931898,11,1,91.82156427679126
3,4,377.114761235941,11,4,101.61497493861299
5,3,402.48602561912935,4,3,114.22017731967142
4,1,261.4139928702893,15,2,82.22317750887908
3,3,74.46063650578992,0,2,85.23258850034425
5,0,337.2229493229459,8,5,100.50580898595801
2,1,312.13452360072546,11,2,45.02193504014662
3,1,372.41532766354817,4,0,61.24613651760743
4,4,89.09109799511397,21,3,109.0511334822384
1,2,101.51272395064316,19,6,82.44587056259729
3,1,445.7527110235676,21,6,56.48709990282607
1,2,376.23901023377505,23,1,46.77490870400955
5,3,454.5731019066598,2,2,118.07416547641422
2,0,380.56408397614075,4,5,32.648646197719444
0,4,300.59187646519945,1,5,63.89102751191841
2,2,328.79570482879745,13,2,65.37779984026673
3,1,445.11832235030494,1,0,59.696630623350494
1,2,291.50934348341053,12,5,47.58920323243127
1,1,318.0337055425518,6,6,34.51358564849549
4,2,82.45597442178229,9,1,95.97851604087396
1,1,239.59100395747083,12,3,23.825550120202237
4,3,359.616570419259,15,4,105.62680947131922
5,1,139.11663566660087,13,0,74.39752435874449
0,1,105.11581935964479,10,5,41.43755964614442
3,0,160.3442700710857,9,3,72.26907858203634
4,1,124.54281085645256,5,4,65.05151893748112
0,0,111.38175533301595,3,2,1.177191036124514
1,4,215.30116721970305,20,2,80.78641129187051
1,0,454.38006437234935,0,1,18.096276704682687
0,3,255.99452513566555,6,4,56.13453664912351
1,0,98.0205885035849,23,2,18.338201367254097
5,4,43.100976343532665,8,2,155.01368550341235
5,3,349.597291843273,7,6,108.54023062047946
0,2,194.48538839601198,4,5,40.72458099893231
4,2,411.8063185597528,18,1,114.0065869062147
4,0,331.45783047718123,9,3,73.00232469116852
0,0,399.1395180179774,10,2,20.00190823813627
4,4,139.61328951213213,14,6,106.802131379766
4,4,347.71766661822375,5,0,116.41609236909323
5,1,135.7106824233908,14,0,79.90095331150685
4,4,469.83889732789436,4,3,117.10137262013257
2,1,320.0052693590203,18,4,70.14945855756524
3,3,165.63334108679433,21,1,83.68269932123494
1,0,138.40837183467497,18,6,44.92425310538529
2,3,99.50865961046354,9,5,88.80872470079392
4,4,348.84727465239524,11,6,116.3183947807193
5,3,113.26422843397401,21,0,103.15152818936427
0,3,299.6751166341071,3,0,46.46079700739497
4,3,135.9943383280519,17,3,126.60103958609521
5,4,332.67462767296496,15,4,121.73717716885959
3,3,408.3951656275669,7,4,88.47031214305204
4,1,390.12249535660334,3,3,80.59494191652705
0,4,381.62140881073697,22,6,71.82281301662312
5,3,97.92259081766477,11,0,104.6836002515514
5,4,48.75054875733676,1,6,119.11314568311732
5,2,350.97967010125586,3,6,90.88357890873365
3,1,187.3318708282039,4,1,61.249863627894335
4,3,219.01138206965692,2,0,102.43698668099847
3,2,20.418800932728576,8,4,94.84138738800347
1,2,133.49034239114934,20,5,48.65397157186868
1,4,21.66981991785969,17,6,93.56077335137007
4,2,440.1969574376176,10,0,104.0643769350731
3,1,125.48135819317258,2,6,56.31232929038249
0,1,280.881898938639,22,1,25.060427346879752
5,0,24.294763727259554,1,2,68.52112869018
5,1,335.08945869630077,8,0,105.69733814255888
4,2,164.89853614827646,13,3,79.56421433006393
1,1,449.4699975440446,3,2,34.79309892753361
1,4,444.61850352234774,8,6,109.2460891976114
5,0,166.01885608906514,12,3,61.90993070840507
4,2,450.9756433667816,17,3,111.75831743351894
3,0,498.0980483818955,14,3,50.11722542383268
1,2,413.5807537413543,9,0,72.1424342986584
3,4,423.21131713883835,15,4,111.41999626988559
1,0,128.2593243739995,11,6,17.730631524112873
1,3,290.4676874345894,19,2,78.52125060199022
2,2,38.29167741384709,4,1,52.18906256563512
1,3,51.984378726726504,1,4,47.91797008350399
0,0,499.45184295647886,9,6,34.00563986769558
4,3,166.6864284658259,0,0,93.84217304871385
4,3,375.35103646417895,6,3,104.68129452528453
3,0,404.29920124827413,16,1,64.68089228018881
1,4,429.72151914857847,15,6,82.53310539264402
0,3,498.8260072140675,23,2,57.82075819162352
3,3,124.54076020214958,2,6,84.77678946518306
2,4,24.973659295551354,13,4,90.20009109477367
3,3,208.53980140732006,9,5,120.51224028235578
3,3,69.38993156532874,21,4,82.94750834480192
1,3,16.10081513521729,6,6,59.34791388715619
2,1,183.41127943503562,16,1,63.26684081954017
3,4,392.95043428224204,5,6,98.76139161552862
0,3,285.2594421564101,22,6,55.87433709479185
0,4,159.82510465912526,21,0,67.70412962369929
4,2,328.8992927188963,3,2,79.42988648352161
2,2,119.8489992528613,16,1,74.85587727250987
2,3,12.118815805682086,8,6,90.99869229271069
4,4,383.35492628603157,3,3,114.96020867855007
3,4,313.7528270076845,6,2,100.22942449773747
2,4,382.3397991279752,22,4,92.44937032422078
0,1,24.274318260394477,1,1,20.070798927070918
0,2,419.37421577617283,16,4,65.69800620929816
1,4,311.66546901797017,23,6,80.91391436878001
2,4,283.88069860275687,7,4,77.41993200001076
3,1,314.18395381669313,22,4,49.21416397573845
4,1,432.89445719984025,14,0,67.67560510576652
4,4,295.533570746659,14,4,110.75370317413564
3,0,292.57043804464877,7,3,46.05054793558914
5,4,495.3861827475541,15,3,125.51321649761041
1,4,379.58143269894117,18,2,107.92626696076567
4,1,223.93543369831195,10,6,88.55317997993475
2,1,355.16151501629923,1,5,40.0988088633619
1,4,197.6690834874353,22,4,70.18113337452975
2,4,118.293353929332,23,4,97.65719954503275
0,4,300.4416790594409,16,1,86.97200873863885
1,1,464.450138566406,15,0,39.743938815629825
4,4,464.92406240765405,14,5,109.50748909940208
1,4,174.2431126622177,12,2,82.57950727413804
1,3,266.200345779739,14,5,64.06921264091335
1,0,109.7597697920813,3,4,15.565089739806062
5,2,497.83739920194733,15,1,102.02588459975553
1,0,490.65336439462817,11,6,24.433065910119318
2,3,326.5069202051864,3,0,79.57547469832812
0,2,403.1849595403493,2,6,35.068212099761844
3,4,358.9745798354315,21,2,99.89155012784802
1,3,298.61331842453677,16,5,88.21838575873107
4,4,31.40725850950436,21,2,112.05028397228162
1,1,230.10834956356723,17,4,56.2688896101589
4,3,339.0192195728682,17,2,128.64989337045287
2,1,340.3781488724239,22,6,48.89674689095806
4,3,189.69569611907988,16,1,120.70899761530146
3,3,471.13753339572514,11,2,81.68685081901026
0,1,87.8417309572066,22,3,14.239194892374577
4,2,252.6779258767025,20,1,91.76754468658243
4,0,346.9875683926573,23,5,56.64004962138165
0,4,350.08222391644557,3,0,63.80389382197845
3,3,326.0762836005637,11,0,88.77478356005078
1,4,141.26766565867078,22,4,78.20857365481241
4,1,82.32225149987788,21,4,61.451116982739386
0,4,319.79046177922186,20,3,72.57272870619391
2,1,301.6545474890217,19,5,72.5115810555987
0,4,93.78122509317429,14,6,56.37608063600179
2,0,354.04387705742886,22,0,35.36270897386045
3,0,230.31013590815994,15,0,38.55813579417472
1,0,335.5414928435607,4,0,17.815177725343187
0,0,419.4967044862246,20,6,3.3100906048839356
5,0,89.01557214557697,14,0,64.9375435063607
4,0,14.476709658434157,16,2,72.54520805969159
3,1,390.6557802659145,17,5,87.18190037782134
0,3,306.8002254505449,4,1,48.38109256368305
4,4,351.3215869629502,12,1,111.69941529990862
0,0,419.88671261937805,18,3,29.665548894398814
2,1,402.39141273812777,12,2,49.0279891524772
0,1,480.6554727297682,17,0,46.211360332081675
5,1,270.2878640317985,13,0,79.39019403700391
0,3,246.80533816665314,3,4,47.34397182680141
0,4,203.9341639459114,3,4,66.27910290340661
5,3,81.07706620788124,19,3,122.94502909113606
3,2,288.4405802766011,19,0,98.00397595664872
0,1,142.1211995413595,18,3,51.49913993630622
5,2,461.0472185454229,12,2,105.40107491457695
4,0,293.6794481171633,11,1,50.7903233524759
2,0,298.45588935151454,6,0,32.44212666785521
2,3,180.68770713411996,11,5,74.11658150688193
0,4,30.734729228965207,20,6,67.96165490038999
3,2,20.71316385962937,3,2,53.86368866557875
3,4,214.55089635583278,1,0,105.85535477179248
4,3,46.859862158132735,1,6,92.59960887934331
0,0,305.38924299236885,4,5,2.3916401625952886
2,4,441.08163779163044,22,4,88.96262261185949
3,4,442.0428341767675,9,3,123.34132510247895
0,0,331.227478015455,9,4,28.55395752293942
3,2,109.55975657910085,8,1,87.79252486192505
5,0,432.1834315226417,12,4,69.54475448298943
3,4,443.61625048003805,6,0,107.82201317124266
2,2,102.34352455171455,4,5,54.76400344284248
1,2,370.02591245648523,9,4,81.89913428041052
4,0,146.82717671892587,9,0,73.19443710709382
4,4,402.3069546147002,5,1,114.50182698031104
2,3,498.6327604522833,18,6,101.60795199440355
3,4,19.862872638049442,20,5,99.39035182233296
0,1,449.1961035665113,7,4,27.48178958558967
3,3,313.20211413133575,0,3,89.7408767024822
2,2,486.82439648658647,16,3,88.11594466004439
4,3,235.17971117558167,6,5,91.00047992812219
3,2,424.45702563283,13,3,72.89193760860407
4,2,35.88506395614723,20,4,86.10839984862561
0,3,170.9631297887564,20,4,53.485452032950064
4,2,38.17318618684894,16,5,105.23371570717057
4,2,487.7948510721399,8,4,110.83363673585058
1,1,409.4020840995592,16,6,60.119949295318555
1,4,427.01097351675537,4,0,78.64019827515654
5,4,469.29278955977765,19,1,160.35111423161328
1,1,47.12622562929375,7,6,23.7476895206188
4,3,195.87080829410002,5,6,101.53576257736688
2,0,40.16227007678105,10,3,47.15723254324178
4,0,109.34258526726417,18,0,81.79148585715524
2,0,118.53605963364782,3,5,28.50460081171299
2,1,237.20806946855146,17,3,64.99722438964669
1,1,137.93827288955308,0,0,28.212203390281022
3,2,54.98416287479174,12,4,70.65788629111248
0,0,87.90808910158331,13,5,0.0
1,3,77.901403958285,23,5,58.66871050607173
1,3,486.67301496658763,0,3,64.16873945358704
3,0,380.8497909246444,10,4,77.41258155973561
0,0,484.0419253084332,16,3,44.33619797092531
4,0,222.67154082141474,3,2,59.769050583386914
5,1,142.79239842301502,11,0,77.23397814279113
5,1,400.1551326185474,9,2,105.98933941883611
4,1,166.49568943036766,5,0,62.434095891036705
1,4,153.1947699841474,0,1,82.74250185369849
0,3,120.09046614287644,6,6,52.055427876363375
1,3,69.1910942209965,20,5,63.27762629195663
2,2,131.94921520329916,15,3,55.38934461966153
1,1,180.8832754945744,23,1,21.828178088601945
1,4,338.62713303213656,13,1,71.13275461293891
4,4,35.96959689862853,22,5,109.00756225248512
4,3,109.20093513434476,19,5,117.57064742085522
4,1,405.4667019443798,19,0,92.92082756692444
5,2,77.72635217396653,5,2,93.28026891212245
2,1,174.60934752864816,21,4,47.560486099870424
4,0,433.00616631977937,4,0,53.153987983411845
0,1,81.68802901600411,23,4,10.105712152039192
5,0,45.954733631004,20,1,57.53173879523144
3,0,244.84630756460535,17,4,60.67710633853244
0,2,154.6976580828755,14,2,36.05811624128745
0,3,283.8871404195078,5,0,50.65719903734055
4,1,402.8834207893202,18,5,105.46011455696421
3,0,72.88850163560787,0,2,41.13119563090346
3,1,292.44604685437105,0,6,65.91820162207824
5,3,255.22683639298265,12,2,103.08515992832157
3,3,76.31899907653379,2,6,66.2620859993726
2,4,313.87925033684627,9,0,116.49254514891393
4,3,140.45200684108195,20,5,96.42514134178217
3,2,246.47798767928617,2,2,70.31563268084604
5,0,45.72480051714563,8,6,86.39347963849114
2,4,232.4941083207434,7,5,83.02975124276183
1,2,156.69941668119606,2,3,47.94988182304617
1,1,412.0786995367504,12,3,38.922540191246696
2,0,33.2044698636973,5,3,18.66534581225841
5,3,212.2106010845733,12,4,107.47602991744502
2,0,231.92355494506182,22,2,27.17915185320243
4,1,363.87800776806375,19,0,91.92350564455988
4,4,289.27234966965443,19,0,132.97988504272698
1,4,335.2701069111196,11,4,78.76792709334951
3,4,389.6393963976193,12,0,105.09681553127388
5,3,431.7904719608034,1,6,110.5848988953946
1,2,160.3683708776229,20,3,39.753424428770174
3,2,271.32123915513193,23,2,73.47921100830949
3,0,420.85349882740394,22,0,40.5804676003698
4,3,494.7783098277029,15,0,101.34953862855802
0,4,445.31205896666273,22,1,66.72585803854216
0,4,188.87629499906652,5,1,70.00606922082963
2,1,101.60742602323195,18,1,62.42499620019654
4,1,247.24930601626141,20,2,76.57261901537015
3,4,372.1125186588409,12,3,107.20376006388436
5,4,248.8216900228823,16,5,159.0809271794044
0,3,244.1745273402659,22,3,53.20668469470369
3,2,419.9240584354913,8,3,98.29325893019897
0,1,183.89487063825723,16,2,39.091065767004174
0,2,430.59836403176456,1,6,36.834910326763925
0,3,206.36837647110315,18,6,81.5637726555382
5,4,167.47538731077802,18,2,148.10981378449117
4,2,229.725006043851,23,1,85.89909705665255
5,4,382.41124454405985,6,0,128.68308161621115
1,4,67.37100379267717,21,4,74.59572596839975
3,0,102.2275118566486,9,4,64.48534865695754
4,2,475.9651887032305,9,5,114.99601120822688
4,2,91.8683555537719,19,0,100.7668296556214
4,4,286.025022375872,8,5,137.34597909298648
4,3,291.7606609976592,16,1,125.38177988503489
5,0,247.36410871487118,14,5,65.76471828679841
4,4,324.1488980455252,1,0,112.17695494284933
2,1,118.76422926982112,3,0,43.45828915920195
3,1,278.56782254949036,18,4,77.71564966820371
4,0,189.2257613472141,16,6,70.66948438226294
3,3,332.5252935164486,4,1,89.1254347097747
2,4,74.90565396970898,6,2,79.50565439179039
2,2,287.5843213355407,17,5,86.15230643880899
3,0,96.70882591474523,20,4,28.160771540301138
0,3,142.928316241943,21,5,44.23362712905487
1,2,113.2613511601737,6,5,42.627342457957894
0,1,95.50470103506447,16,2,33.87691814761299
0,1,413.7269210225302,6,1,21.41117705608474
5,2,146.42524599214073,3,0,98.85360310960486
0,0,463.9262720229024,7,3,2.9269818060402706
4,1,485.11363004586946,12,5,70.97540637331063
5,4,287.77393261886317,3,3,134.26870199923826
5,2,75.78555571953457,5,1,86.20640679933686
2,2,190.40138047289273,4,3,64.79414436812722
0,1,399.87747035736595,11,5,21.602523006917504
2,0,186.85841070504986,3,2,28.24672864351557
3,4,48.07352305988043,23,3,103.41888161824453
1,0,280.608530909453,8,1,40.186680921683966
5,3,423.3348214905372,3,1,116.62182479682816
3,3,398.9835616360337,18,6,118.40265676634861
3,1,91.68595436452485,23,6,49.57964905108016
4,1,338.01848413417105,13,2,65.95321884718945
1,1,114.14961040064532,4,3,28.139976729768076
3,3,113.01272960332525,17,3,107.2736778862603
3,0,437.66552778606666,9,6,64.35857066026539
1,0,128.58613160641391,18,0,36.36372013878812
1,1,135.30743652641553,11,4,12.371627946167521
3,4,5.32342842684328,17,1,119.43510515206484
1,0,435.9811718921312,16,0,50.191594339349216
3,3,397.3344325385217,23,1,80.6132429768977
3,2,315.5278228698856,10,0,94.99483379968004
4,2,376.3815531497269,2,6,97.73929510221066
0,2,80.26404087512344,22,6,31.492480610834797
3,4,231.87017932084984,16,4,132.42137542545686
2,1,178.85359673764654,0,0,37.517495326296945
5,3,51.419380497223166,14,1,108.27247963880559
0,4,245.6345901813874,8,3,84.0016006534193
0,3,460.7661269196045,14,1,56.220645613113504
0,3,24.829263930093767,23,5,49.707826452400795
4,1,149.27315217942797,2,6,69.01034227123694
3,2,107.73276342182321,21,2,66.42996863977888
4,1,122.88259356451968,18,2,91.83231970137986
3,4,454.67510318029076,12,6,106.51596174065328
4,4,236.69418184597362,11,5,116.06383191419523
4,4,235.8182094052103,19,2,137.09752944707125
5,1,381.48494301536476,0,6,87.28539286148347
2,3,81.47364098243827,20,2,77.80249981612906
4,3,246.19635027952515,16,6,121.3345897720655
5,0,217.84268098992456,12,4,64.58905225950829
1,4,300.4707918205948,0,3,73.48534191735332
2,3,499.7810631089671,9,3,105.69690788130067
4,0,385.8772025706133,14,1,57.45073269031624
0,3,201.94352299362646,6,5,49.32880238504104
1,4,414.63876087565325,21,6,80.95977348901941
1,2,89.50063983967769,17,0,78.39914474216448
5,4,20.07952472293526,15,1,105.96797647414132
1,1,106.20194436981517,13,1,26.64075449759895
2,3,173.50372027655854,17,6,95.75145601507076
4,3,257.73747494248215,6,6,105.43931256362114
4,1,309.4889245678939,16,1,96.5662225379508
0,1,455.74983002113873,17,1,51.61342578111355
5,2,257.37773472747654,11,3,101.44683564906515
0,3,253.13144408973605,7,0,49.16284537277832
1,3,29.870289862376154,21,1,60.85903847638868
0,2,22.281218564830787,1,3,27.791794930529832
2,0,277.82418114860417,6,1,24.289951993744772
4,2,221.89841355793052,3,2,91.40880320767356
1,4,420.3942955152478,17,1,107.25304455912561
0,3,84.53639443236337,5,6,49.914040863020276
5,1,17.36097274793955,8,5,94.94634603113212
2,4,227.2741901254123,8,5,116.09724703181769
2,3,122.55188559236746,13,1,80.34220144620654
0,2,29.559114802724537,7,4,29.203931954132514
4,4,363.67615198957634,18,2,133.99452583389854
0,3,60.2385349788375,2,0,47.1246516678473
1,0,306.118152503847,17,1,37.94287852402547
0,0,144.11962633261012,4,0,0.0
2,1,90.8805449257359,13,2,37.14378242481079
0,3,192.97700384506214,3,1,46.396551103021224
4,0,401.71565923036206,6,4,51.09806421185245
5,2,199.0863205677635,19,3,125.61406032204808
3,3,376.6309763594726,11,4,97.98066955038682
0,2,67.11571691557958,1,6,34.432754419348754
4,2,387.5218527342142,10,4,112.67141451519959
4,0,122.28199582879108,13,3,49.73539935302026
5,3,340.30959929499204,21,6,107.32452791533453
2,4,285.0618696462932,22,3,97.71578854829404
4,0,464.92663501978524,15,5,56.98426521494398
4,0,196.72464639778045,19,3,74.62156556762311
4,3,37.751768473048024,5,1,98.82881848947697
4,3,14.481965347870188,22,0,92.92171835755533
1,2,414.2949876815128,3,5,55.17237096908765
1,3,264.7441406424089,14,5,60.24613928017046
2,2,388.7458056582999,23,0,66.86310074043436
0,0,121.04067200569978,0,5,7.319649524820814
4,1,175.8164540290507,6,3,73.14047119053149
5,4,19.901416744602876,11,4,116.8509041369246
0,0,480.9387006641855,9,2,34.20357683138876
5,3,335.59461381690267,4,3,121.4507426710193
0,4,466.93651844085656,11,6,68.10666997329487
2,1,136.4207216773908,17,6,70.7835434237102
4,1,307.6744875567021,9,4,105.60631483924365
4,2,340.8574843048557,5,4,75.5719437067598
3,4,162.18710162750628,11,5,97.84596384269226
5,2,424.8140713327369,6,1,98.50563234611411
0,0,473.84492413562265,17,1,25.482505186342976
0,4,443.00328325952216,1,5,66.58020957528774
1,0,370.8381530899894,9,5,39.559856676529456
3,2,142.34501646385223,14,0,73.13532767103126
1,4,144.39994084228772,11,0,66.22476204120775
1,2,481.86335862078874,16,2,86.0838802823185
1,4,10.090825488167553,3,2,75.65130357605307
5,2,359.44473675486154,6,2,91.91978683396204
5,1,354.59185046485476,8,2,112.22393428365699
2,2,313.23132277014975,18,4,88.24952482299057
2,1,495.1038788129986,22,4,48.7082394523066
1,2,159.380320703044,6,0,41.58032200118155
3,4,173.28607257765785,22,1,102.20403786159056
0,4,44.075004458544996,1,5,61.49610191791054
5,4,224.18507758915004,5,6,121.03749899045708
3,3,134.2190204862498,17,1,101.96810493924413
4,0,174.9764175779339,5,3,47.24658324737301
5,4,418.1130361765357,12,4,125.84577144534458
5,1,468.0648341961104,18,2,115.17373310487957
2,4,96.93787064256689,1,2,90.24255216163755
0,3,189.3919211189656,11,3,46.53750075080893
0,1,464.67212824712004,14,1,22.237472766480437
4,3,35.5951880411652,13,2,98.6686651585818
4,1,50.71846141513237,5,1,65.35110297542896
5,2,85.58153965708354,17,5,117.97870459251317
1,0,299.630352892803,4,3,14.475730030384467
2,0,79.48377414796875,17,6,49.972581197718654
2,3,484.19780881811306,2,1,78.7052645124577
5,0,226.12369099296757,2,5,64.0665150849908
3,3,253.25139037333236,21,1,89.73536736674596
1,3,127.09601482367621,21,1,63.36868949355377
5,3,238.1253249551931,9,2,130.1677173256062
1,0,332.6472481553207,18,0,41.151872384352025
1,3,376.83268279225115,2,4,61.099785989743545
1,0,378.1647009414069,11,1,26.50592284937921
5,3,291.0561007835737,15,1,122.08857466450067
2,4,452.65808862195934,16,1,115.73505489675462
2,3,409.61688441652416,6,0,76.35686146054607
1,1,379.7388167758196,12,5,38.806350491503046
3,3,32.52473323182801,23,6,78.11443926848794
0,2,8.40459129872641,1,6,34.49263346388691
5,3,110.16140221175911,3,3,107.09888172892413
0,1,333.44417898715886,9,2,37.95018506499336
3,1,208.5427569968602,6,0,48.66868723807873
5,0,204.1910983531593,23,5,62.39455163080923
1,4,442.8705096736588,16,1,111.9721529674274
2,3,448.3036098252602,19,5,98.50339920456032
0,0,455.04175570652495,5,0,6.430332107590674
4,4,160.36964787493852,18,0,137.26301409141175
4,3,347.0726273059346,4,0,91.59762776581366
3,2,139.45842473081296,9,3,95.2819348999045
1,3,99.35186737185265,8,4,76.26833691694154
0,1,96.39306638694777,12,2,19.76378237504789
1,1,174.34327232747904,18,3,51.44297503536261
0,2,217.82902179101174,20,3,29.64633473474616
3,0,416.31983967225887,23,4,45.69037991610415
3,4,64.3460912689925,5,3,101.25687437288518
4,3,368.7882944604726,3,0,102.25706516949538
1,1,268.07018252370614,23,0,33.3996211497259
5,0,147.53294462461628,2,5,64.05966993957848
4,2,248.9456943437482,2,1,84.89052332568328
1,1,153.4713245396262,3,3,32.309607471035044
4,2,300.06056784296146,4,1,82.02980610652446
5,3,219.7527418133459,7,2,112.66756958017062
2,4,86.38073689404497,15,6,81.73666361197489
2,1,62.708621905069876,21,0,45.71113875620827
2,1,275.6143626257044,2,5,48.4245054964565
2,3,451.6944514766212,23,2,88.93839405245596
0,0,175.25905484605434,11,5,6.074423353448935
2,4,367.8350530751985,7,6,95.90219949424191
5,1,331.0373706951846,12,6,73.81805597384067
3,4,466.1196825831931,3,4,110.03087736319247
3,1,411.3856035630747,13,0,65.10999218308281
0,4,285.46960315820417,13,2,73.23299853010634
2,2,330.2300966258831,12,4,61.20693369422516
2,1,449.70130095909724,5,6,46.284559138641896
2,4,202.76179837053272,16,2,107.60766209102755
4,0,166.76337939959978,3,5,46.3450877786568
1,2,10.351486399422189,7,4,42.07899635520986
4,2,414.1427817247748,16,4,102.52566564847633
1,0,401.4854466996656,2,0,16.188615893586817
2,4,56.70498645957493,16,1,110.58170998299477
2,3,290.5444036606866,8,5,100.14690533676479
4,0,234.67094059260927,1,5,47.846450044998036
4,4,63.76100227701017,12,4,103.10590349324703
1,0,490.38127239505815,19,4,41.385063165971076
3,0,111.27446429436094,1,0,37.12122849186287
1,1,38.28091914482777,19,1,63.41460409831288
4,4,299.4494528534452,10,5,144.2906844874053
5,3,370.73900518085117,21,6,113.48575212303822
4,1,21.05950579335755,14,3,66.19064394258565
5,0,331.065231169876,10,3,96.70062899279823
0,0,268.48447859596996,22,1,8.747782826564352
4,0,56.11617939314897,2,2,47.58127372072669
0,4,90.39931908844922,2,0,57.58004534891129
3,4,286.14727717145985,11,1,101.0965746898015
1,1,151.69701868907774,23,3,35.05514870834116
5,3,469.46628568240146,4,4,113.03736983642683
1,1,410.2764135946051,19,3,54.68215012620386
0,2,491.8657672242632,6,4,31.22007538061365
5,0,133.53706528045493,6,0,62.06558749721804
1,0,485.01319823499864,12,4,16.572052752010762
4,0,218.46076554682114,8,1,75.18663587905509
2,1,177.02180368030855,20,4,49.82159871787278
0,1,29.923015849829856,12,2,15.329211760761895
1,0,31.118802640503297,11,1,8.87007217906618
0,1,347.54557169359407,12,0,23.494667838831226
0,4,231.6748522448438,23,1,74.23827038029812
5,4,117.12820488787233,9,2,146.73908285572233
5,1,308.91530163099014,0,0,69.40067451935994
2,0,130.16476853380505,7,3,29.853678253306
4,1,290.9277184004892,21,2,70.55070467264397
0,1,182.80832975643173,15,0,19.106778372607266
1,1,412.6583521728504,12,6,34.157280750152175
3,2,411.24459957955577,2,4,70.18853111716722
0,4,241.28844707058866,2,1,72.40064006108106
0,3,178.65545912083272,23,0,39.38156250887141
2,3,184.4670992967518,4,1,71.14453658187634
4,2,403.8286902057678,10,4,109.414872946186
3,1,167.44884398481793,6,0,58.61618589168233
5,2,108.48438998488878,20,3,98.34799102661648
5,2,46.920729228276876,23,6,89.80474553442806
1,0,236.01309483778215,9,6,42.68509115809908
3,4,243.65538896532172,9,2,127.26304185169263
5,3,421.24981164943904,19,0,143.6916274300367
1,1,114.51315474080167,1,4,34.45391533163136
4,3,193.59068046585796,2,0,94.1797458868225
1,3,405.160840752377,7,1,67.29272382222909
5,4,412.6936873207419,10,5,155.17013270877914
2,3,195.38248260949027,12,0,72.32809991794046
2,3,232.26639152690703,6,6,75.51423650069893
2,2,155.12651597039505,12,6,57.20346912878903
5,4,466.61466481755946,1,6,130.1217462919236
2,0,63.72866404208225,5,3,18.49454172227915
3,1,467.20596438572767,8,0,80.75431242737142
4,3,343.5138936584949,19,2,128.95905542103586
1,1,268.1282155799319,1,0,26.309624927503044
1,0,21.166235088325458,17,5,39.77387074774498
5,1,240.4201149518941,15,6,79.40127239391063
2,0,206.83531197635247,11,1,33.289979886176205
2,2,84.80331192768567,6,6,58.94006894903714
0,3,329.9227537328252,6,0,49.33205922237233
4,0,485.71969914730147,16,3,81.59815224358829
3,1,283.2834614769399,12,4,46.737980156738374
1,3,358.80287183975315,10,0,88.52406686083143
0,2,38.88297402017831,5,0,24.426915767382617
0,3,211.7451629294124,22,2,48.141371468545465
5,0,62.59745015642546,13,3,58.06235783334916
1,2,308.33393859057264,5,5,43.78353276236405
5,1,469.5486683160065,5,4,90.3295959269212
3,2,332.57997757346106,1,6,66.27054506643395
0,2,43.01750891563866,21,1,26.04502461125355
0,4,180.559771467616,19,0,85.12014021240192
4,2,277.5783728232215,14,5,81.14597716211146
3,2,204.58783928595986,16,4,90.70786422836147
0,3,417.6537851852103,7,1,51.557333242172746
3,1,408.2621473314447,4,5,60.676014530723215
1,3,307.8563549510946,16,3,91.50642088916672
2,3,189.8616828406891,19,3,100.90377344386505
0,0,131.39150501280585,0,4,0.0
4,3,57.40778751549901,21,6,96.04913521786717
1,4,180.67435332584424,17,1,102.82297953008252
3,4,209.52039601782116,14,3,96.87841220180054
5,0,339.5323479265164,4,4,75.12906799006603
1,1,330.78911302729887,6,3,39.054113419618915
0,1,39.70352912242219,17,3,39.87894866674322
3,3,200.6533611384231,5,5,82.0332256964273
2,3,94.98053927259414,21,5,79.15683309016669
1,3,82.62228913181882,20,3,58.557377093339106
0,1,414.5145641199367,4,2,23.71547657070077
4,2,25.748032274547477,18,5,103.8772436311202
5,4,212.49552357155005,9,1,160.76543282751092
3,2,88.2608096044265,14,4,66.68263987155333
1,2,440.26845676084463,9,4,75.68715925122281
1,1,280.7350540711424,15,6,28.459387766428556
2,2,119.53341500653977,11,1,54.4431710888126
2,0,253.70150714735632,17,1,48.91706917151463
4,3,367.0857480530423,22,1,96.28804869589524
5,0,479.2684144151197,0,6,60.53560999926374
4,4,114.12077210148237,15,1,114.69003829692349
0,3,443.65997720402584,21,0,54.65693123201009
0,2,467.4805365129077,5,6,40.545157191662256
4,4,458.6281695433728,2,4,116.9103718582031
5,3,319.5301066466454,1,0,111.74943222051962
4,2,316.7612239451803,1,6,92.43091983515579
5,0,204.58926342599227,12,3,60.24792130934614
5,3,377.43695174037504,8,3,138.94052302620344
3,2,267.9905390837113,15,4,72.72476649579927
5,0,340.3318452580058,4,3,72.51658304713891
2,4,217.08666240515376,22,1,90.53500731087183
5,4,367.09074970135384,20,6,129.78640921816384
5,4,413.1134012142518,6,0,121.97092017158576
5,4,77.48594701839397,12,1,117.50520718184298
0,1,417.3002092092429,19,3,42.51156216386689
2,3,272.44678323620207,23,5,62.06957667728377
2,3,423.10962499966104,12,0,79.44818918053141
4,1,218.49434463880223,6,1,66.06174269323597
3,2,192.62504026460235,9,6,96.84785924819052
5,2,457.9550625960251,14,4,99.33654765459801
1,4,129.32878743645864,20,1,75.78875732474722
3,0,422.8851010166408,5,5,51.148279079191326
3,2,244.59018339215504,4,3,70.92827911422287
2,0,259.4772440628735,22,0,32.5344909717766
3,3,157.69179933729458,1,4,82.64261755657552
5,0,288.65588930641275,20,0,69.89705838618954
5,3,165.9795421567246,14,4,102.12140256953559
0,1,24.438360049617895,15,6,6.300986193492593
5,1,139.63930964545625,18,0,113.3260885512313
5,4,8.157626486262386,8,3,154.34467329129149
2,2,489.285619593144,21,6,54.05813990963099
5,4,483.044868860775,18,6,154.4803307473341
0,3,200.601872248791,6,4,49.76161916036903
1,4,365.54357289812475,3,2,82.92572936780444
2,0,176.17401871316036,2,0,36.21952485701937
1,3,337.19111275755813,23,0,58.436770995055575
2,1,403.6878713077597,19,1,67.03534829857796
4,2,473.64434112265917,10,4,112.4670309414971
3,3,203.10507654558765,0,5,80.24421136148439
4,3,392.7325015632436,5,2,87.2839661387125
5,0,136.6345830628988,10,3,86.59649133738353
1,2,495.21449037785595,0,1,56.19200934334057
5,1,17.755951388353814,20,2,75.25278210007382
3,3,303.7467592180549,6,4,90.1951614801101
2,3,331.4554609174069,5,2,78.03414023811939
3,0,345.58255075169376,13,6,37.77672288807403
0,4,64.59185150059906,1,0,61.63194475190726
3,1,469.5722428191996,3,6,52.76564161118894
0,2,94.68572312979099,10,0,54.3341611551698
3,3,313.2629346037213,14,1,87.51752461433409
0,3,115.22465916592705,17,4,72.29872985187818
1,1,157.0721264255291,0,4,23.686768144457726
5,4,275.4969781554216,2,2,120.06496213208067
5,3,211.51074218946536,2,1,110.6850129920788
4,1,84.31167248337061,6,4,68.82320062618392
5,0,89.6135191983199,0,5,60.75743291651691
2,4,211.98167014058583,10,5,111.95450000654562
3,2,379.85507424637285,5,6,78.25348148494207
4,3,449.49250018965535,19,0,123.12951943365678
2,1,46.6431928183945,2,2,48.568011686888475
2,0,199.58643424190353,18,3,46.26536516158933
0,2,54.62155404282393,1,0,36.334912738300446
5,1,13.213277913135952,17,1,102.96010477902801
1,1,332.5507479087585,11,4,45.70161757015113
1,2,303.21247377346094,9,0,67.45840287355867
4,0,85.69446133836867,4,3,38.04377493376252
1,0,120.73735238106673,8,3,45.66197888409829
3,4,16.735338054036596,1,5,88.97803922448182
1,3,418.29886681872983,1,1,68.44485979706504
4,2,487.471845044033,5,0,93.66019230401693
1,2,72.05247071337195,9,2,70.3398532378562
3,2,119.58023081382257,17,0,94.55250904878741
0,0,434.8627143537324,11,5,10.701954461109372
4,3,463.5995799883115,3,6,106.45910106662296
0,4,212.71555448937113,21,3,67.18965351360251
0,1,30.058123773191692,20,1,9.518243441508057
0,1,24.498957677945604,16,1,49.61497776280483
2,2,289.10518370416014,14,2,60.03764384846771
5,3,199.48307890212362,5,1,111.58136951044
2,0,19.182951650938985,15,5,27.938604120653093
5,3,293.7099341947156,16,5,141.65383769330072
0,3,10.594755611566123,2,5,50.472429224604504
4,0,394.74911928389014,9,1,81.55366651791527
5,2,156.68424723816892,4,1,93.47101736768732
3,3,24.92771148956989,13,5,83.54160914463588
3,1,296.2343493866609,20,1,62.42499201750055
1,0,201.85378514436206,12,1,10.47396727872282
5,4,487.031204611789,5,3,132.96110120344557
4,2,274.3783379393326,11,0,79.05595373380666
2,0,141.2433946133191,7,4,36.08093551727373
0,4,356.17223799381753,4,1,68.96001559979874
1,4,139.3885412586421,14,4,72.7076329519185
3,3,452.60042924674474,15,6,92.19559159327937
2,3,190.48737540115133,0,4,72.85575579645528
2,3,277.1849385742216,15,3,73.74276395982228
0,0,30.033686392993285,4,1,0.0
5,0,215.93001278635424,2,5,59.19763523983852
3,2,417.0199521321925,19,4,98.63813354523128
4,3,403.79615865485425,14,1,92.63415247469507
2,4,116.0376866324955,12,2,83.3848722458618
0,1,116.90914015022852,23,6,14.838808989069445
4,2,409.5661295455522,15,5,82.29410945722138
5,0,465.5472179838161,22,2,73.17271842799953
3,2,52.203656030136756,10,2,87.64322652761204
5,2,227.7790265159815,20,4,94.99762459070244
2,2,172.03986808729334,1,2,55.67497756679299
4,2,435.9907854514325,21,3,86.12582939336798
4,1,46.344832766609294,5,3,71.95890041858785
4,3,109.50734156622852,5,4,96.08857859049044
2,4,377.4718271053147,13,1,93.41460099973773
2,2,30.390455245701713,10,0,75.78072366884868
5,2,248.8050134535732,7,1,98.10684865554965
1,2,223.8429821664614,7,1,49.3967091775684
5,3,170.5285835994306,0,1,110.84861500718216
3,0,200.31329608286728,20,1,33.96038183224409
0,0,267.3205905304653,6,5,2.420175720768839
4,1,84.87684240224965,5,0,71.86543716588645
1,0,288.1379597503784,20,5,14.324036866571221
0,2,403.6890030034932,7,2,45.92372018884302
1,2,381.27966024612874,18,6,71.89361031967054
5,2,81.18045282341797,21,1,92.36468982673246
2,1,78.87848752202959,20,6,39.641723579153265
4,2,137.7463120337321,23,3,76.53089982976631
5,0,183.73198953881342,19,4,84.52259489292786
0,3,207.1855127971989,7,4,45.62249522349531
0,3,341.4501223325059,13,5,52.56932385389799
0,4,33.05681392208852,17,5,90.11322389841813
0,0,22.16298859190286,15,3,0.8590430354080358
0,2,198.99572865723496,8,1,58.81302339041695
1,3,350.09602760830035,14,6,70.0538108288775
5,0,100.75049476345887,9,6,87.22170078010075
4,3,322.5447182218446,21,0,96.73657633888016
2,2,133.61492828044823,15,2,51.68359317242496
2,3,443.6126238626906,3,4,84.2244888955469
5,4,448.36652241197515,19,2,152.320342897428
5,4,152.1571661192566,12,0,120.15027435051579
2,3,118.84690821180405,21,5,68.05172204637245
2,0,208.59546617278448,4,6,34.24286210089433
1,0,124.06313466417362,21,4,11.616392726942347
3,0,337.8300024293933,6,2,47.70891383696333
4,3,413.90201885140135,22,5,100.12600082498068
0,0,338.1806048010524,8,0,25.721710440886433
3,2,413.05347138842797,7,2,72.59861095866906
5,4,201.5111202926997,15,6,123.86625673361429
2,2,82.37690050088612,5,1,55.07168404616098
3,0,370.28571896180813,15,5,42.70579586485549
4,2,183.43488004506918,5,0,80.05897288504228
5,0,337.2790584884206,13,2,62.82053137125527
0,3,138.968751280974,20,6,47.83306284449045
0,2,45.20866922930297,0,1,33.60891548822569
4,3,496.32798876644284,8,1,120.6135809723303
4,3,82.31974642564664,23,0,101.14170601877396
2,1,494.26839201192314,12,3,30.40225831179177
0,0,488.75356662039144,18,6,35.151314206239576
5,4,397.93996143447964,16,6,155.28923390605672
3,0,331.4143662305888,10,4,64.61152327513666
5,4,291.01448987428694,7,0,115.19111594263283
1,0,433.7202649620282,22,1,20.190784798780324
1,3,148.27256320164653,4,1,60.8139308870501
4,2,236.50220018001414,9,0,101.9864503307193
2,2,311.59803483641844,6,3,56.08129364382607
1,1,208.5392855553981,9,4,60.98434619142688
0,4,216.60579477468264,3,2,64.92052469400254
5,4,168.4909104135318,8,0,140.82643326195742
5,4,284.29474925884534,13,4,127.93504457395255
4,3,426.03439136748244,1,6,96.86809366745781
3,4,104.75654711312485,8,4,119.22131877812926
4,2,467.5443541829535,20,5,88.33917404706307
3,3,346.09838860537366,0,1,88.44441791020316
4,0,412.5202402766149,22,2,54.23737209973814
4,4,280.31439285185576,9,0,136.08524098412784
4,4,390.86076720491144,9,1,139.5632201504735
3,0,13.019196683036268,19,5,57.357416468297565
3,4,410.09831026586994,21,5,109.64702746420511
4,0,24.868735247256428,2,1,40.6514062099028
1,3,445.5071212996169,5,3,64.7057494531257
2,2,496.0215598831284,5,4,56.62340583076982
2,0,150.563393777505,20,0,31.69127661194271
2,1,109.10768536146786,1,0,39.97060203729449
3,0,383.85486510973016,17,0,63.393754337789034
3,4,130.24803875552533,22,1,102.03019890641895
1,3,433.45337967024074,1,6,54.20941420971012
2,3,55.90708311795097,11,3,71.52256178805396
2,0,67.34782220778234,21,2,31.103402386844383
4,2,489.6800197748047,4,5,88.69131818481
3,1,338.5502546436523,19,1,80.23845285895264
2,3,424.20917609233163,6,6,71.27327371279976
5,4,165.54304178900142,23,2,128.72343401289257
1,4,339.8594560126992,15,5,83.4342984084655
5,2,299.1497045177556,19,5,117.7561849359
5,3,303.55930946085874,0,3,107.97799862116953
1,0,342.8535674711722,0,4,24.790906850556695
5,4,289.8027906989038,16,0,153.45412154792078
2,2,217.38587280481966,0,2,49.41479575754266
3,3,141.58173371837069,20,1,82.85312265085244
1,3,385.447758802035,19,2,88.54617293715155
4,3,117.00485285157717,12,4,96.57826942017957
5,3,347.715381546435,8,0,136.98453771060522
1,3,120.49974721141669,14,2,56.846439135367234
0,4,314.5384341274547,2,4,67.1825669443485
0,2,374.80374222886934,13,1,35.25718653034379
3,3,113.2633750087369,22,3,100.33620263007504
2,1,34.6719339263476,10,6,65.30707818359463
3,1,69.83200278211616,23,5,52.32314270999731
3,2,304.9684987991576,21,1,81.31340776754097
3,0,425.4759710817391,11,0,37.68780245441326
3,0,27.27342651153506,12,5,35.99560415981329
4,0,368.4048732256149,12,6,50.62008202949093
4,1,173.9527297452758,0,1,69.65410487745596
1,0,241.87154311016366,23,1,14.36568345131261
0,4,464.78547717355497,9,1,97.19617821946984
3,3,169.3258948442435,2,1,86.92677288905757
1,1,235.3417823000456,23,5,35.60869695595128
0,2,11.772795306537148,3,0,32.85804986874052
5,2,45.39136640239499,15,6,89.78763035877282
2,3,133.0028376117181,7,4,64.67179321838944
4,1,18.786859206431828,15,2,68.42116188919496
5,0,317.5307863938842,16,3,98.39575285120347
0,0,216.06718661680316,18,6,24.632002175878043
5,4,276.3318753503709,21,2,129.20602431507086
2,4,91.45035701868312,14,2,79.97719340244574
0,0,151.486354571125,15,3,4.046887965231987
5,2,333.59311505209894,14,6,98.71896473208363
4,2,482.8248481970479,1,5,85.52539809491758
4,4,29.956302933093554,10,0,134.07448324312725
1,3,445.7402388233567,0,3,70.15582063395321
5,0,290.55619464904817,14,0,65.2640413667259
3,4,284.1401855440337,18,5,123.30711618807969
5,4,252.63787492784135,3,2,118.93386143469513
0,0,39.35007252257078,10,0,23.83317961917937
0,0,49.48904160939953,4,5,0.0
5,2,302.4514428012476,2,5,94.16210874782774
2,3,173.77449286060136,12,4,70.14927754006408
4,3,459.04769295595196,9,3,131.20147870893163
0,0,206.26231599293877,10,4,29.492621400910327
4,1,75.92432205780733,17,2,102.2547848897421
0,4,358.7858225835078,1,3,57.10777026913198
1,4,150.20994361329988,6,2,76.5710560308599
3,0,265.1078021411671,8,4,64.04437461532578
0,1,350.42722882505916,9,6,42.22834147407895
4,2,450.63073504502484,17,5,111.86376722801965
1,0,397.13464142682966,22,2,19.41960816673179
0,0,339.79872859699844,6,3,12.18503865867013
2,4,341.4184252855961,6,3,91.28466073972693
3,0,473.2326987958828,2,2,42.00064603732381
0,0,151.43292826078533,11,3,4.699711383717308
1,0,5.550486627112766,6,5,10.962751913984668
2,4,139.61750690210835,16,6,106.16495741243864
5,2,112.85623291523828,0,5,91.01439781074087
1,2,332.6081196314291,4,3,49.80687277966203
1,0,318.68724188393685,15,2,18.73515698883947
2,4,298.7633844388383,14,4,91.62683296193617
1,2,13.040504388679581,1,3,39.628384042737636
2,2,365.74513695307047,8,3,87.90296254623112
0,2,165.1475541803183,6,3,33.903530147693445
2,4,334.20271455828237,3,3,91.32520121003337
2,4,280.5063221085659,19,2,114.77190920630476
3,0,174.65180808681404,17,4,75.37350221291611
2,3,71.61525221653334,20,4,75.98293626333101
2,2,51.73735434193807,3,0,56.51170587148192
5,3,416.60157489055064,12,3,109.33099511356993
0,4,459.60678333037123,0,3,67.73047316782511
3,4,326.6450831483283,23,0,110.61184241870826
5,4,56.19988685593927,2,4,118.30931042295127
4,3,204.00347235967917,15,1,96.25142128151626
0,4,365.82490405205283,21,5,66.20948145296902
0,0,391.0113375849837,3,1,9.659663137492254
4,4,63.518218034088854,22,4,107.08713197425463
2,1,5.015205828464296,15,6,39.98459415731056
5,3,357.5078377108995,18,3,135.07857228095986
1,1,181.51510711317178,0,1,37.20285563992209
3,4,130.9682591510388,4,2,95.18797706085081
1,0,11.384247545815093,18,2,42.11590917485848
4,2,272.44820634694236,21,0,80.52328484532052
0,4,426.319614035861,23,4,64.2576606413135
0,0,479.027664904931,10,4,31.076589565649012
3,3,285.04375055357815,12,1,78.14369637589779
0,1,259.6583572312476,19,3,47.38615937654649
0,1,47.10291081717435,4,4,10.122177668727964
3,1,276.6920367635869,20,1,54.744243097308704
5,3,193.08964408787034,3,1,112.66990086975123
5,0,305.5319640373706,3,5,69.75740267947057
3,3,197.4195421988906,3,5,77.79009626399149
4,1,123.94806610793154,3,4,67.0316792218133
0,4,52.007811238046365,19,1,91.74262613630219
0,2,160.88463007150338,20,0,30.033478050480745
4,3,52.83919297243738,17,0,121.62465049945789
5,3,92.56399065787205,17,5,126.13488178418476
2,0,493.7313984968752,15,4,35.80291273612246
2,0,224.83126066877622,8,3,54.15298202002381
2,3,268.2765244199832,17,6,102.67126526752693
5,1,437.4411717249216,21,0,86.74455386894196
5,2,497.80660574289044,1,0,93.18871406710204
4,0,293.44365242561736,20,5,54.55163925223331
0,1,407.17454141686494,3,5,30.408059049706658
4,4,166.83580704665425,11,4,100.41017203202094
4,0,156.3432589364091,6,5,55.96149574803851
5,1,204.3383418923073,14,2,87.09529233599159
2,1,337.89109502345633,6,6,38.33464429804512
1,2,342.6848861812739,21,1,45.500202367888086
0,2,161.04352015147816,20,0,35.809587012782224
5,4,70.9389124476312,16,2,141.9881526698844
2,1,318.0361469504267,15,3,52.183618857235345
1,1,68.52130178343845,18,2,58.66490736444913
1,2,291.3537915735184,8,4,65.90225963375478
5,0,348.2439533878729,13,3,63.2495885681024
3,0,351.80269071525356,16,3,71.88523792348018
0,3,377.9686947765004,4,5,56.21267090926665
1,2,437.0654136750039,1,2,61.83350845001527
5,3,252.47970102257028,19,4,130.65018299320403
5,2,366.4733488171377,15,0,104.62555617370272
2,4,311.49050400608917,13,6,85.66024035630393
3,1,97.38677019985288,13,5,55.44934006627641
0,4,17.716374210357046,0,2,64.81603969200457
4,2,145.8479859100822,2,0,65.94745925386948
2,1,224.3016846371216,6,2,48.04206518315634
1,0,310.4674424921849,14,5,25.13219730509063
1,0,425.72986859908667,18,0,50.99400613935045
2,3,102.141629769552,19,5,106.30952664577941
5,2,67.14714599974616,1,2,96.16882933752437
1,2,481.9225739997921,18,3,73.95242597323326
3,0,58.48205689132152,8,6,68.36469680990282
0,4,241.85307970305863,18,1,86.8672301912841
3,1,294.85404575268444,4,6,57.30917053978359
1,4,272.9803383491819,17,3,106.61852313398983
4,4,47.585917731306886,15,5,111.19212247535968
0,0,33.22832243179158,3,6,7.420226407886649
0,0,57.21429659321266,11,5,13.587659411058095
2,0,294.8659035169432,6,5,24.210498360581866
2,3,274.45071937898894,13,0,72.84733379353133
4,4,120.7016920581884,22,4,111.99592565397532
5,2,320.6982002135678,11,5,94.09800928773764
0,1,410.93341351754646,2,6,22.840136927861433
4,3,25.581585124063913,4,6,97.39072973385663
2,2,251.574322056281,16,6,87.24602809795945
2,4,346.2086539908317,9,3,117.16083673134605
0,0,129.8944038994951,9,1,28.336540594311057
3,4,157.3465981201088,10,5,123.02758128993409
1,1,308.750761979745,16,5,65.1976294368335
2,3,449.4779702546498,4,5,86.30650358805798
5,3,405.91258804993515,12,0,118.21232177904106
5,1,293.64945845429384,9,5,100.12610622975612
2,2,366.4597502898384,8,3,85.01814285562442
3,2,185.58712275286035,16,2,95.71007225392162
3,3,322.27793640888507,0,4,82.74208608856652
4,3,235.7598876081407,3,6,98.11061627580744
5,0,99.01838754649265,3,5,62.09147671360107
4,2,352.3604455692423,17,0,115.46789978432099
5,1,280.4499954876669,8,3,103.11754771136017
1,2,182.51768306702775,17,5,76.46686810270901
1,0,456.11289908892223,13,0,16.335417800931513
0,3,15.362388324232967,14,2,41.21805177817789
4,3,161.30770986850052,5,1,94.32934265871008
2,0,33.15629189993504,23,5,24.902485271322742
4,1,384.43102152970545,9,3,83.60605842358112
2,3,352.54318978632733,14,0,78.34735162278123
3,4,169.01934827447693,3,0,107.92709962421829
4,3,339.45313659250115,17,5,128.0454105717368
3,4,200.98892696699517,17,0,123.9664289053141
1,0,379.345626754105,16,1,39.163957123734136
1,0,229.82091305466952,11,0,7.531307082348322
0,3,209.07846527667445,6,6,40.9664511819569
4,2,467.691308166709,15,4,86.6996267882998
3,4,129.18515444589661,10,6,134.11825318117428
2,1,64.62143329829988,13,4,26.707061712808965
1,3,294.3488410634318,2,0,66.38806626744395
1,1,484.81429708066855,18,5,58.30770887968366
2,3,192.0304107949574,17,4,96.16313342075743
3,2,35.70819799624685,9,3,87.02566952720487
3,2,172.9561073182359,5,4,62.6219281889302
4,2,255.43616888818144,12,6,83.73690957112522
4,2,85.15188828294579,9,0,106.01705519800727
5,0,330.76059793796355,17,5,94.95691225235572
5,0,498.8859475600493,19,2,86.55150042066003
0,4,228.61104061081468,15,5,68.94208247960674
1,1,180.59063558145525,5,5,35.07085048290502
4,3,203.34856258306098,12,5,99.18943968381858
3,3,61.997358305624566,3,3,80.13513908077019
2,0,442.2204327059808,22,1,34.38656299006434
3,3,210.33869948306923,13,6,84.40452870560978
1,0,196.70083365529646,0,0,20.77659832303096
5,4,331.5466851005848,19,1,149.7982122123778
3,1,223.80654336090615,4,2,56.016253017601464
0,4,325.8755670598838,7,1,57.82590131634197
1,2,35.415913614739814,11,0,44.23481721824591
5,2,407.79305514250257,1,6,94.40808884832637
2,2,470.54945667530427,11,6,65.97332022030893
5,4,326.13886614889606,4,0,130.46490179921707
0,3,477.51013478511135,21,2,51.50033798522897
1,1,79.95899561313183,4,0,28.755121424601224
2,2,241.3210137927751,12,2,59.6988948326218
0,2,302.8943333029964,8,2,62.898205325726536
5,2,292.9596404734874,9,0,124.80848193768932
0,1,203.7235806490764,0,4,22.369527494798845
1,2,172.3517826362994,2,6,43.547584116485325
4,1,67.77789116245731,17,2,97.34716746901967
0,2,198.9125130283277,11,0,37.73818764117056
0,4,85.51710347721514,2,4,68.73606403080444
5,4,368.5110098636481,8,6,154.10375381413255
5,1,108.37131306982204,1,2,79.19645353778914
2,4,33.98982611584425,2,6,84.09384126529417
5,1,278.421238219531,13,4,78.34955237220214
3,4,299.6387176961038,3,6,106.86946525944391
1,4,436.5969653338502,18,3,107.05489242958409
1,1,290.6058981467525,12,5,32.15429873536807
4,3,176.01302259310563,6,3,91.4071355225051
4,4,402.49088135552864,11,4,123.82539531565116
1,2,272.4380521277734,2,2,48.011888215718315
4,3,44.24374089243992,22,0,87.75126193175605
2,1,285.0960273550571,22,1,45.10903287622376
5,3,454.4691799837229,8,0,138.08478141067167
1,0,201.17474962161918,1,6,14.813762991706641
4,0,151.68127194040105,21,1,53.91492444866485
1,4,76.01738122391993,8,1,97.52265001732722
3,4,79.96553335800188,11,6,96.07181540675758
0,2,219.22188474920034,11,6,41.196461379678304
5,3,299.8615129599571,14,2,102.29939538288923
1,0,44.904625558952866,1,4,12.641180971707673
0,4,470.086451567457,17,0,99.0459883346432
4,3,378.79114063537196,12,4,103.71048505716978
0,4,295.37883955041303,13,3,71.00781975739136
5,4,415.07714211480044,4,2,138.40940224171604
1,0,44.69244462199608,9,2,46.38860761189988
3,0,241.03524447789658,11,3,35.043031320143555
4,4,316.8960977965234,9,0,131.284404875393
1,1,415.18318852855316,23,5,36.93792580406364
5,4,392.8174322243875,10,3,146.08576023669966
4,4,142.14927860813282,1,0,101.21063897118728
2,2,470.73568393180614,4,1,64.99592796794406
0,2,66.55119150828082,6,6,34.16625045759179
5,2,438.1911412174703,5,2,107.31952605209447
2,1,485.61542355428617,21,0,52.554463821037835
1,1,92.69099399519965,22,4,38.451620309752215
3,4,362.4227017808737,2,6,105.02622496229736
4,2,24.94133179510924,12,4,72.8174754425054
0,1,205.6842984438817,2,6,23.22462124973575
4,0,260.56023310284866,23,2,59.882770159656076
1,4,292.4193868252689,20,3,79.80380972606324
4,3,468.28893788303697,5,5,109.61853108443944
0,4,337.76409021062636,10,3,91.13902823903165
1,3,243.23258585352232,16,0,89.59414730264706
4,2,405.7891429516152,9,3,110.24412245232296
3,3,475.5137463724324,11,2,102.40549288443417
5,2,15.922743597733968,16,0,119.52475830359074
1,0,491.34802976673916,3,1,16.243434941078746
5,3,47.63540883652177,1,3,115.21569551910353
1,4,408.12145573803684,10,3,101.4965303229738
3,2,143.7657025129492,6,5,68.94379384809167
5,4,70.42893058816651,1,0,123.75008259089164
2,1,222.72854165834826,17,4,71.20453070738525
0,2,323.7585068265687,20,3,38.893781253973366
2,3,193.57116328662013,3,2,67.20619573903514
4,2,32.009877099935984,7,3,81.07537071780926
3,4,301.73326413106474,19,5,132.5378949682998
2,0,451.689621674784,13,1,38.39311258346647
1,2,194.6916061438896,11,5,39.384769155617604
4,3,112.08472492725939,21,3,91.96343009114005
4,1,224.07578623674362,20,4,62.258907493730476
2,0,28.939541969146532,17,6,51.27785579938518
2,1,411.14135431773605,10,3,64.46458817411693
3,2,414.0387014203424,7,0,68.6670601669995
0,4,296.0602293976661,1,3,62.59552963969717
2,4,179.7859300245028,14,4,78.61176803933645
2,3,400.89276540066277,8,0,101.87885978871776
5,4,279.57007727024177,18,2,140.05892535036435
1,0,413.836492732258,19,0,47.70345370236282
5,4,317.57210232859524,7,5,124.36633385322753
5,3,393.28070924033466,18,1,134.74569814862448
4,2,301.2886816427912,4,5,81.72203052500953
0,2,209.99982876675477,10,6,58.898066113858185
1,4,479.1832006634381,14,0,84.54799492698434
3,1,272.85134331502815,7,2,63.042513234286154
3,2,304.5193116775665,18,3,102.1599153096261
2,4,114.14138151030087,22,0,97.4412692440891
2,3,314.69714076650183,7,5,78.67042886221729
3,4,287.9457864940572,18,0,127.4604912417508
2,2,96.49500698377734,17,0,78.64474104301739
0,3,34.495613189806136,9,0,68.57091747908346
5,4,304.1578632588117,6,2,128.77834739800585
2,0,383.02767332840864,8,4,51.66333275767715
4,3,264.0836786063941,0,4,99.42655426808757
2,0,117.25244953322462,18,0,51.250724511645075
1,1,334.9283784630523,4,2,30.058082286749606
0,3,44.65233467175311,18,2,65.63709522860415
1,0,223.70768387696754,0,6,29.097741186198558
1,2,85.866545407218,14,0,36.734475077052906
4,2,96.30723027464227,15,5,79.58735178375977
0,1,105.1355048333108,22,5,23.215629137452247
0,3,196.41999323676907,6,1,51.57368418937677
0,3,30.319351782096824,11,0,43.23870925586363
0,3,201.90775325990361,7,1,43.07741938747138
0,1,258.2951863217769,4,5,20.814835942733158
4,3,244.23067105833098,9,5,109.68703717549221
2,2,194.47812969950508,20,0,58.738897895969444
1,0,420.3775709950225,4,1,20.581684354373152
0,2,76.93671274814953,16,1,61.889343897595985
2,2,255.31988817178012,4,0,53.38969904801344
2,0,35.710501393494376,21,6,23.096853028639558
1,2,40.22206104456532,14,1,44.988949455078895
4,1,289.06359559016266,12,6,69.80911070532107
3,0,285.1791203194714,0,3,34.990349921837336
3,2,439.6265888580062,10,5,96.55502312524071
2,4,281.14746945173624,22,4,96.6225071901917
5,2,480.09655510040085,0,6,100.8985630284636
5,1,29.103949957965234,10,6,92.26149825927317
1,3,53.51380396646683,17,6,87.48643681271604
3,2,26.812601477338788,17,2,83.53992839928287
2,3,96.7120409151023,20,1,69.39913833023829
4,4,272.92870491613064,15,1,116.274956871205
3,2,324.5582298065769,12,2,78.55969399622522
2,0,27.564653184591055,6,1,12.861671875387827
2,3,473.25559047357166,0,2,82.02306234682493
0,4,421.8718614419386,15,6,72.7460604290911
4,0,151.82317866776108,0,0,48.25138623256457
0,0,43.20782746210164,16,3,26.318701996413782
1,0,89.09410124343334,5,6,0.0
0,0,67.83748480871148,1,3,0.0
0,2,66.02547075297869,16,5,61.86317301510085
3,2,261.6880358895383,5,6,68.53928457286092
5,2,126.69448403423314,13,4,90.80282852317397
2,4,182.2791596819265,17,1,113.81896521210867
4,4,494.8051400252396,5,4,116.06644174662043
0,4,343.73555321804565,9,0,89.58125039667617
4,1,474.7454301882657,23,3,74.46735391331556
5,4,75.56549474139221,17,6,139.03362860643088
5,2,194.1590400421218,8,0,124.6827690601454
0,2,279.5922426247654,7,0,34.44059472812354
1,1,42.99524063492532,9,1,47.83161230899414
0,1,7.072784595839144,16,0,34.440407269305126
3,4,336.8649952294742,22,6,102.95055933686609
2,3,322.70066081671047,5,6,73.92222466744232
1,1,208.34046094980783,13,3,23.42260884640236
0,0,247.37381763585614,21,6,1.938300825826441
4,2,210.64428529308435,21,4,78.1668906914476
1,0,16.882497198219983,5,3,18.64693262656875
1,2,171.0089450776439,6,1,46.07244097641159
0,2,92.65571642165847,11,3,39.69981147028596
1,1,53.71997360517753,2,2,24.52452835026726
4,1,478.57661477522817,13,4,71.11587285178442
5,0,301.68306389587195,21,2,67.96642740409601
1,2,365.6848606971183,18,2,77.33436026681254
5,0,161.10505291672817,22,5,66.82705642059939
4,3,199.60782909953753,15,6,92.55310881982338
0,0,122.27737697887812,6,1,0.0
2,4,52.998007127885245,7,0,83.28285878512182
1,0,93.62066053358397,17,2,46.276947531099665
2,4,399.7694524217605,12,3,86.99197313127753
4,4,340.385173565969,20,0,112.17307844053612
1,4,275.7297936128111,8,3,106.16388544437216
5,3,240.1694870690502,9,3,138.1851610651251
3,0,461.60497040978163,20,0,48.00919124728524
2,0,41.00379915044086,22,0,25.22429388690533
1,3,143.8974025527684,8,6,79.55227994330669
2,2,178.21923751750344,14,3,54.110505105839394
1,1,392.30077704533,19,1,65.47846642055136
0,0,496.2947369801758,1,6,13.794081405882224
5,1,124.13190480479076,12,4,70.80771355721848
2,3,437.7821303978549,1,5,82.10293075648121
3,2,416.15826641373667,18,4,105.86705752209642
3,2,116.20541183267447,1,1,68.59326218022184
4,2,202.6696271986152,2,6,84.18479844737034
1,3,207.78807029979697,5,5,66.21318733387699
2,4,489.21923092064634,2,6,90.30580263760092
4,4,94.54149118255467,9,0,146.5388188467585
2,1,400.5831956968671,23,5,53.12705380717
1,4,170.42539351568942,5,3,78.02864860633109
3,4,366.7808211591994,22,4,103.16307720226044
0,2,212.90544712635312,15,5,36.731996165595795
3,2,291.2880827426873,16,3,89.02434916153152
4,1,417.1428277964349,18,6,106.7532953954768
5,0,403.06195466702263,2,1,73.70569696055219
0,1,433.8794758521516,17,5,55.997657501054306
4,1,34.510576045606214,6,3,63.843997339330585
1,3,347.5650237546737,8,6,87.14985449469533
0,3,74.29375147727262,19,6,68.11433901279408
4,1,210.83019116911345,11,6,71.2844768676163
1,1,276.55126545207077,4,1,29.968289910760063
3,1,204.3560449496812,2,0,54.15033623307009
5,4,262.2077795224887,10,1,152.97615122382604
1,3,498.28052285531646,3,1,63.66896887292463
2,1,71.93257028786309,4,4,45.658385225673214
1,2,339.35074244153066,0,6,48.69830945938134
1,2,201.02047836087954,17,3,63.47981297573774
5,4,70.83985045912775,11,5,118.06678361534092
2,4,83.57469787028322,12,4,92.21242120725698
4,0,474.89018759158034,8,6,77.81279118501969
4,0,440.4027408723222,1,2,61.27844225363454
1,0,453.9857704054358,4,1,21.68808259158158
2,4,495.80872403455635,12,2,93.05767297204555
2,4,108.11611805421639,15,6,98.7252931150007
5,4,180.94247199521055,15,4,117.19776822525594
3,2,336.263419812809,23,3,69.02460037130727
4,4,244.48225723102038,2,4,112.77249479970337
5,2,212.1028190222751,21,3,106.32080334069592
0,0,182.11656842111856,3,3,3.5368254844608322
4,0,298.92141281200884,10,6,80.34969294901744
5,0,289.9187471768406,22,0,64.11919744560363
4,1,84.92162786179884,13,6,66.49157545004549
3,1,238.51121957162735,2,1,54.40113735825024
0,3,278.9685292238757,15,4,54.05598360664379
3,3,287.29203467203826,21,3,90.61677732586824
0,3,109.00306049161414,14,6,46.00953539569129
1,1,372.4243391648819,9,6,53.82108659281732
5,1,17.47355193642947,8,4,100.81732027385728
0,3,180.64176849386553,10,4,80.62344411198313
3,3,391.2052610251386,15,3,84.69080225160673
4,4,284.12699592242416,9,5,140.35212437041497
0,3,134.27540409287582,16,2,66.65680593179442
5,4,349.00179407480863,18,1,146.78099920911356
0,2,285.85851735725635,1,1,42.21899952366007
2,1,399.14058668091167,23,5,50.440478646864634
4,3,368.8374671639626,22,0,102.1215749934714
5,1,307.0034214079362,1,5,69.53120210661726
5,1,246.64794927885293,5,0,77.16849462839353
1,1,70.92515220542408,18,0,56.45257305954192
3,2,134.35984385326498,7,5,61.44186933746035
1,0,212.4542390939572,2,1,14.47965783233616
5,3,301.6531470681624,13,2,114.86633149445984
4,0,259.28538833157586,15,1,45.630014199907485
0,0,147.65134034996709,0,6,0.0
0,0,8.199857105906723,20,1,0.0
4,1,250.6384148409029,2,1,69.68519435487562
5,4,146.38486433831034,21,5,120.14270464245169
0,1,368.6311088517149,17,5,51.76286530934988
0,1,16.853401308889328,8,6,40.94215995235086
0,0,294.4897665963665,5,6,15.29246892161753
3,1,471.02974756550236,22,5,54.23318396006331
3,0,91.33258722019225,20,1,39.48551026994934
2,4,238.46649792154471,0,2,84.79325610330764
1,3,50.2538859494834,20,0,61.006141214729816
4,0,314.7125465693695,9,4,79.89393038275158
4,4,277.51318189513165,5,0,108.58465951880073
4,3,206.645934485352,22,6,96.34715745916266
2,2,263.0816256295019,11,6,59.627122898648295
3,0,448.80445594216,3,0,41.97954441886707
5,0,102.16567964397818,12,4,65.67914966779745
5,2,16.16943329414688,16,1,110.16792558253836
2,2,431.524117926055,7,2,73.08552514868691
5,0,290.67295578201373,19,2,95.58191061877454
4,2,445.875935453612,2,0,88.66122430433992
1,1,300.48788558952043,11,4,47.23632908527636
0,3,406.0297395300527,6,6,51.57410066113473
3,3,217.68831486079824,11,3,88.41064563503771
3,3,376.18066598769303,1,1,89.6370156377499
2,1,456.95552611047873,23,0,52.1264489882487
3,2,288.2008670424921,13,2,79.24459917618294
4,4,94.48864952837788,21,6,112.63451987362436
5,2,138.0548194399481,22,5,97.97006586537496
4,0,103.32906556421587,4,5,47.31464135955136
2,3,127.1942286598878,8,4,95.51313383087877
4,2,156.675647428763,20,4,89.32495074989028
5,4,279.7912244428283,10,0,153.58010530650338
1,0,296.0558565845972,4,3,19.162735355982885
2,1,216.11737488472124,2,2,39.556126452276835
1,1,309.63328601131354,16,0,63.02564612590103
0,4,45.37958817762613,1,3,57.00026465864022
1,0,48.45517734378918,23,6,7.588274268025255
0,3,90.05558287704093,0,4,47.375740412685424
0,2,261.44836152997067,6,5,23.21650456295596
1,0,110.92736595566521,13,1,17.27393090096818
2,1,145.22577972882578,4,6,43.78923657828296
5,4,203.15485390563205,18,5,147.29907928493333
4,4,406.873731385138,10,2,139.8268838349026
4,2,11.86175727686576,22,2,77.64063062220532
5,4,326.44251601712807,1,5,122.58321343260585
0,4,336.0938828651392,7,6,67.64474079479425
0,0,400.3346112765351,8,5,31.759717573603123
2,3,466.71270483485506,2,3,78.89651486314018
3,2,14.968235229898465,1,0,65.52072177792425
1,0,81.12293422904202,6,4,11.859815322124604
0,3,443.6547905577166,4,3,55.265558928342514
4,0,231.96668828257262,20,1,56.544832980309
2,0,284.47236627206445,4,5,27.065601599601802
1,4,333.19846584295794,19,1,105.64133577508893
2,3,341.1379692253405,12,1,78.41991143707776
1,2,466.21149964167154,20,3,44.90491058280058
1,2,498.4899616187765,19,4,81.85252160814456
5,3,361.4779431608154,5,6,122.51181551649626
0,4,147.17449855654965,19,2,87.50301151781827
2,1,440.4774391357001,17,0,71.95357173919385
2,0,29.364352697676996,1,2,23.5222562459768
5,4,119.38502217287562,5,4,125.49072921745403
4,3,449.20593014453885,8,2,129.53801123613982
4,0,131.8147996474807,2,5,42.682989981345344
0,2,114.2222745127655,0,5,27.9538402390845
0,1,73.37202010442239,0,3,19.004004651546886
3,2,430.2603200352237,18,1,98.88009755130572
5,3,252.52883829958793,4,4,104.21998722979417
4,0,339.0721355118066,12,4,62.28274361167622
1,3,123.33786011713968,18,2,80.46819087105288
2,0,380.23000840055215,11,3,31.783485777995683
0,4,381.20274475623876,15,2,66.76645933797991
2,1,159.73602232960857,18,2,61.801276441839384
2,4,208.28790334009,2,4,89.09053207770397
3,4,108.79668732794943,11,2,100.13646816405608
4,3,488.3977065448376,4,1,100.42957397174861
0,1,324.57327564391375,1,2,19.810504190930864
2,0,467.59922095418017,21,1,36.35441963289667
0,0,155.17584409642092,6,4,0.0
1,2,392.0360019334604,12,3,45.615700787430605
3,0,384.1000287229473,14,5,44.749175057120844
1,3,347.3695476739381,21,1,61.31369731852818
0,4,482.9912927570662,2,3,66.95468053649407
0,4,199.8098913726262,20,3,68.50466055843337
4,4,69.70507517692987,19,1,131.22748009335018
2,1,337.4958853258101,4,4,55.64580896208532
2,0,366.00835123621704,23,0,22.54760413527975
1,3,289.6549838621133,7,3,51.733130511131925
3,1,107.37485710103115,21,3,57.542177949362916
5,2,254.70569112633092,0,4,90.17435752566638
2,3,159.53391960171905,7,4,67.3553104506694
4,3,216.59593144251107,23,2,102.2555849979486
1,3,324.3831950431086,17,4,86.00132097062986
1,4,373.8812976319631,19,3,109.02943503196379
5,3,119.95122199616485,15,1,104.346964726161
4,0,205.63605352024192,17,0,78.92537868028136
3,3,138.23497764085644,19,6,106.20758715292503
4,4,103.32264886162521,11,2,105.46739159788106
3,3,392.77667389794,12,6,97.50854026563239
4,2,455.08008374631123,12,1,92.68391255672536
4,2,188.26493191386547,9,0,103.13209522361392
0,4,376.8830675650146,6,0,66.64568116722809
1,0,449.0126682353835,13,0,28.361387356764073
4,0,423.8314842124646,23,5,51.53552760894168
5,1,95.49262732691682,15,1,72.23931236249788
4,4,478.3644813491139,14,2,119.91759198850654
2,3,191.45483801258393,11,2,84.18156956155778
1,4,172.92412728104898,8,0,100.72764030495823
2,1,35.903507002501264,7,1,44.96712633748353
1,4,245.6559587819171,17,5,96.82592039419501
2,4,58.96173974225971,22,0,86.98449650452537
4,1,128.02721135907586,17,4,88.76247066792372
4,0,161.88659777480427,12,6,60.57085734862983
0,3,405.3690301283836,17,2,86.10083482463332
5,1,438.36688194596877,14,6,95.16442132317619
2,2,154.7208271434275,3,3,53.61697009738151
3,0,430.05557001606405,16,0,69.778602437351
0,2,429.3293139980466,4,4,40.46242090158124
2,0,383.5022204405124,21,2,28.38770622718083
2,3,77.61408143751486,15,6,71.2075576273873
0,3,346.70980921586084,8,5,81.47908636611136
4,4,472.7869119673815,9,1,139.7039106006901
2,2,342.85753698974275,23,2,57.340368441109725
4,0,169.15034030837782,17,6,72.53472792531822
0,3,252.78676212826147,16,1,68.33722331862178
4,1,324.6338964587716,17,6,98.76264226464302
1,3,257.73235232060927,6,1,58.626305367782784
3,1,64.37670615683007,3,5,48.2319974718926
2,0,159.4717021027502,4,5,29.83478321791871
5,3,402.1860351240481,22,0,112.9906405980684
3,3,431.40193281728114,15,0,87.00038685582014
4,0,72.96351619420726,2,2,53.51241437721416
2,3,476.4314424373687,17,5,100.70139818921025
4,1,167.7671958350616,22,4,55.47058905523151
1,3,332.8453006717064,20,6,70.3231209569632
0,2,377.15344724855714,13,6,33.4020915665245
2,4,406.91338614575227,14,6,88.54349682863872
1,1,473.1461026018354,16,2,57.89023674714646
1,2,159.8951762742672,0,6,45.49590847035852
2,0,429.96069500301945,20,3,31.228001614028937
4,1,70.18501720092249,16,1,94.34405590830914
5,4,353.9952486450284,22,6,135.3054749354526
1,4,372.278976109423,10,1,101.04958213002664
3,0,340.47300439465363,16,0,63.11942296773432
1,0,129.89579438690072,13,6,11.988409014302164
5,1,437.15635777252567,19,4,110.93841861205202
4,3,88.58493936834553,18,5,119.18989394355401
4,0,31.549221802811264,20,5,46.12892688500865
3,3,360.1451703528965,6,0,81.71785092322561
1,2,240.3604790402032,23,3,35.7627653668019
4,4,425.30351987954464,12,2,111.48248262158373
5,3,194.7815848238382,17,2,140.21771100573616
2,4,88.29790131131784,22,4,87.94592189154734
0,3,419.0388852725855,13,0,52.42310109176404
0,2,276.7102676618355,0,0,39.18313933602366
0,0,98.65191723322567,6,3,0.0
1,2,361.59007930029065,7,6,49.515551843783925
3,0,258.0012510523028,17,2,57.22824939934634
4,0,304.1349262089583,8,6,80.81279365494657
2,4,233.14467741225803,0,0,89.96046942847231
5,2,415.21094698991317,21,6,99.72076005574151
2,3,415.6335442631097,16,5,108.15076128506132
5,2,356.1474668030712,18,4,126.00292331870698
1,4,57.17368181124883,5,2,67.09890555958866
0,0,420.2326616425141,2,3,14.31824987225367
1,4,337.15142536379034,23,4,77.69576876568249
3,1,350.02696217212826,4,1,48.14979673511989
3,1,184.67650599991646,1,5,54.149751995459305
5,3,440.2433802977183,19,3,142.0405130566661
4,4,364.05894211625446,3,4,110.21191935759533
4,3,60.73228093195126,9,0,125.87893683717498
5,3,206.85012703105053,9,1,129.5204197448602
3,1,443.75827917027016,23,3,57.4697057957273
3,3,28.362367340202603,20,0,78.24355966809871
3,1,480.9012267228145,10,5,77.07314347855724
1,0,341.1854713181836,15,1,13.858041312761848
3,4,317.53110893347144,16,2,123.79132565614057
2,3,138.92683196155573,15,0,71.1280089699992
0,1,128.15193542589265,6,4,2.5556662491123383
3,2,471.31881864685477,15,6,79.00914148973624
5,3,152.64486484589077,2,3,111.58626580413618
0,0,388.8751218759047,15,1,13.684808665464983
1,0,199.5952901125042,7,0,8.533628411833078
5,2,73.93076503842846,11,2,90.01445820160939
0,1,10.30407235920268,2,6,19.913259547931847
5,3,274.40738182254916,16,3,140.62562672509037
1,1,488.01051518172164,20,3,44.15486499489722
2,0,187.72241593555623,17,0,53.268023191572176
1,1,181.8102053265572,10,2,55.35633481682188
1,0,175.32535083547384,3,5,7.716761035767777
5,1,262.6691994659049,15,6,85.57776496045464
4,2,223.1291172950253,16,5,105.16101113757027
3,4,440.5577402298722,8,1,129.9808596917761
3,2,255.2327919031277,5,0,70.94050870184267
2,2,256.34012990334156,23,6,47.153541305906394
2,4,73.49393938667552,19,1,106.41260016754993
3,4,491.45607275064106,1,5,108.09852830519539
4,3,128.7365809800707,8,6,120.33180260569549
3,3,41.31521339250332,20,3,84.13541914703211
4,2,333.25739324272837,5,1,88.58438256641148
2,2,299.70635322765196,2,2,55.87792416134064
0,0,210.49709872640912,19,4,26.634190571299158
5,0,213.98515577093565,5,5,63.573767487624714
2,3,393.60664091798344,6,5,80.73962759108046
2,3,101.87775684932629,0,2,69.86706494595173
1,0,411.02539287772044,22,6,11.315022087410028
1,0,326.12982137803397,0,6,17.53168207083534
1,1,212.39003802086458,4,6,34.914153015260815
5,1,231.72416520901496,5,1,86.41958041827178
1,0,132.0403675571174,12,0,16.043686972066215
4,1,377.2965946850025,1,3,63.11594851170355
3,4,258.87299744110754,14,4,99.14560621974682
0,3,163.8229986611726,14,0,50.65174571166946
2,3,300.04480730167035,12,0,79.33196993681977
4,0,497.88855376540494,13,2,60.493129011423825
0,2,220.45482842999414,21,1,33.151058878358924
4,0,460.74224338541666,6,5,61.50742201658634
4,1,175.78333576266022,13,5,63.31284125227788
2,2,32.09268992786801,23,2,55.56509916292805
3,1,106.09984265237229,9,1,81.87093391258112
1,4,212.2540959472037,16,2,104.1282609539619
5,1,113.71928965431167,13,5,80.2698606442126
3,4,5.112383918036491,7,0,98.97182264646159
5,4,457.925761185026,3,3,123.91504583723739
2,1,422.72030855930984,15,6,47.54219392083532
2,1,372.43465458603885,23,1,41.90246579951049
2,4,88.06822484478417,12,4,84.31399421513068
0,2,64.57997022394309,21,4,25.447399754457898
5,4,38.46435098882966,19,0,147.49412055153635
3,3,363.394448442596,17,2,103.44213023294884
3,4,464.75994054050324,13,2,108.38160477385239
4,2,218.1152313519533,17,5,107.43904356613422
4,3,63.97463263804384,4,0,103.79029087314855
4,0,258.63444626239277,8,5,77.1496881651418
2,0,177.6717941920219,2,5,26.52895239786386
3,2,190.53833755324885,7,4,73.22342816371201
5,4,312.5586589570751,19,5,150.5187096062493
2,1,360.7654660647902,21,6,47.58947335779542
0,2,59.74878144221462,9,5,61.16697583928719
4,3,22.61716424920581,21,4,92.11476909677971
2,3,497.19349982942884,18,6,109.92017084174591
2,0,120.20053271319816,20,2,18.008341376690883
0,3,31.646109829687244,2,1,53.650321578367866
1,2,98.9882879024804,10,3,60.038935350822946
3,3,24.284133942489788,10,5,113.2466192373374
5,2,198.94639283549998,16,6,109.64661551518898
1,1,402.18888330340553,15,1,44.94669825811705
4,0,173.91600263007172,6,4,52.28270112050089
2,3,224.87078640479143,3,1,68.77299456517657
0,2,339.4154529158822,22,3,46.113907892593346
0,4,256.9025646845907,18,1,84.6937009317286
3,0,431.4156145805555,11,6,43.49154289417838
1,1,433.68765914764947,14,1,48.69731463784978
3,2,9.905794268121053,10,1,93.17580665791698
2,1,390.13292170918356,4,1,36.672584445273614
3,1,233.06313211962856,4,0,54.29480155552764
5,3,494.4760679453132,14,5,113.08072404636097
0,3,244.1998775583404,17,4,75.82658193398765
0,2,493.51349296720724,10,3,64.6480550000377
4,4,378.5118337968396,11,4,118.29948916510476
4,2,128.05941788358663,1,0,72.92091710371207
2,4,271.50551474704406,19,0,111.69059509401336
5,1,496.10714154189844,14,6,86.48136099099747
1,0,429.47765083720225,19,0,41.77884397956117
3,2,53.19661242665445,3,5,72.54365016582283
2,2,354.6541384209481,21,0,57.382398555745155
4,4,176.06189500605245,17,1,137.23788334680432
3,1,8.456219630772317,5,4,50.64433956706932
4,1,204.7230796683648,22,2,62.02105722553068
3,4,121.2034387538608,18,3,123.72652375113509
1,1,410.3402889076334,10,0,53.64714500373228
2,3,171.97865137865392,23,4,70.22151689370007
3,0,414.62422850713943,1,6,44.443855342619315
5,2,5.295979723223677,7,0,82.96922864909769
0,0,157.37047926292897,10,5,31.26491778986119
5,2,124.37678108234216,4,0,93.78940896419415
5,3,120.61584372896243,17,0,135.07232075602286
0,1,38.75237678390403,22,0,15.787392916378346
5,4,97.62651385319836,17,6,141.1991123706051
3,3,279.99703709338183,13,0,86.59957648230527
3,0,149.22373105468353,21,3,42.099960039340786
3,4,211.61041725292824,9,4,119.28066439772724
0,1,191.5491057718583,2,5,13.276852032497441
5,3,438.5729378749478,8,0,137.54103682774343
0,4,453.12300451020513,2,0,67.20581241504246
3,3,249.01370096965073,10,0,110.8994548462992
5,3,168.42719540622417,11,0,106.91005417960474
5,1,57.86634848117,11,1,76.95732469860934
4,2,476.93442529413704,2,1,93.64777860312954
4,4,34.81233772564724,20,2,111.38818869749973
1,1,152.3368873962988,6,0,30.327496019608063
2,3,152.54276957915206,13,2,66.51729765685418
4,1,163.59863663940638,23,3,62.66203979391043
0,2,86.32198741984259,10,2,60.93511064363108
4,4,392.6649083072301,6,4,113.51087119685302
1,2,65.63644167316465,20,1,38.47396819099473
5,0,319.2787962808156,9,1,101.87574151951029
1,4,66.30378321937964,10,0,105.94837253402098
5,2,39.9151406085135,14,0,90.176035716506
5,3,455.1676043245089,18,3,133.6900295786465
2,4,99.1137393277593,15,5,89.59906902291992
4,4,411.51882650705363,21,3,113.78003653849545
0,1,274.59228119803225,20,4,24.93450943802089
0,3,43.53897720634095,19,0,68.42551249031368
3,0,477.9468547618434,11,0,53.78591493471315
5,2,127.2457776609868,17,3,114.9512073962405
0,1,430.5244459495402,22,3,35.4341563420088
2,2,88.56095286335926,12,3,56.746507981665594
5,0,427.70172666021716,4,1,75.47556270347654
2,0,11.548262388120524,3,2,21.53046345271307
0,4,258.33132600189293,13,2,58.60987525999695
0,0,385.8740768136706,7,0,0.0
3,2,467.72378115892775,8,1,106.73749481357872
0,3,455.05505742221106,18,3,79.44117069832444
5,3,410.71431042608424,2,0,106.97640895591314
5,4,444.65471808234554,4,1,135.4841096170762
5,2,103.61374448935287,20,4,97.85224497359118
3,2,145.67122637730574,17,5,100.82535372939878
3,0,148.03941983592395,0,1,32.26185825450418
0,2,191.64169584584093,7,6,40.06489042214559
1,1,199.6937318406684,18,0,57.91408451519108
1,0,274.55488570406436,16,2,49.62921290061917
3,1,84.14048286638848,16,6,80.39646548004967
0,4,347.1670985740647,10,3,92.80841978571948
1,3,87.94543695573071,1,5,65.0588349114257
0,4,158.60269864175103,5,4,67.43155116375661
0,3,254.15583965004626,21,5,55.49194478686609
0,4,399.23807795412125,13,5,65.54452455582849
4,2,371.03727045317,2,1,84.55869853909101
5,1,324.53950642320854,11,0,72.82172216723085
0,3,82.10776398718423,3,0,43.84153493441071
4,0,275.78744607971095,11,5,57.46771661478906
3,1,48.2860183909433,12,3,54.786659455810806
1,0,191.79477251434213,1,0,10.938234900635312
5,1,209.69068249352978,1,5,85.60554075104605
1,1,24.706662525648145,14,0,42.359509677364386
5,4,140.62410923763605,22,3,118.29885991185951
1,3,478.04648629691224,16,4,90.5315207157189
5,3,477.0481408756963,6,6,111.4329856897568
1,1,179.40189185500694,13,5,30.113609056134763
1,2,26.33455392942041,11,2,43.89622108099752
1,2,93.65199496744987,16,2,65.38637520641136
1,0,199.14780774960235,13,5,14.59835718463288
3,0,474.1509504947687,5,1,45.91923500285925
0,4,74.89353645090654,18,4,88.85588055905589
2,1,382.9403426157651,23,1,53.991271377242
4,0,58.79785699047258,5,6,49.10356284648571
2,0,490.722500808682,17,2,56.00527184022535
2,1,193.9001670590218,23,3,46.359699079674826
5,4,388.74109675503274,4,5,129.7756863299647
0,0,174.58258599151026,23,6,2.527513740706558
5,4,315.6960941936103,23,0,128.73900550800636
0,3,100.04796194631818,5,2,45.08521634529714
0,4,77.28040455199645,1,4,58.89368799576776
1,2,469.341749086225,7,2,41.8902492077587
3,2,459.23540256269456,14,4,73.545092514276
1,4,444.2971254053768,14,4,72.07332760385484
3,2,314.58955783246375,10,5,94.09477191246944
5,3,405.0927645520577,21,4,115.99925897402775
3,1,39.173283771130585,21,1,44.25761730624461
5,2,170.72057573588617,23,6,92.4651867938859
2,2,160.28304675479234,0,3,57.53302927393234
2,4,319.6444343665436,17,2,114.1999176656747
3,3,181.19909786796705,11,3,82.21730782115688
3,1,78.51085691362199,11,6,54.19716120603563
5,4,300.25120232970414,10,0,153.3255200494271
1,4,408.12004073119533,7,6,80.17003145732205
5,3,194.15112975768673,6,2,106.7542180061391
1,1,70.47301397374844,22,3,32.73313994472551
2,3,102.36065766984741,20,3,64.4935128521557
0,1,122.55423605884508,1,5,20.887977513553004
3,3,153.44930853229542,10,5,111.16745812725419
1,4,323.18355990062304,21,6,79.4588054170788
5,4,302.4680148461709,9,6,150.9998828182902
2,0,349.55953147568437,2,0,21.541346634951946
1,2,184.43848234309903,19,4,77.62553145692061
5,3,412.87883768058924,9,2,142.45093199803773
3,0,106.02339227210133,17,5,58.3135169659705
3,2,237.1751700214862,13,2,74.53755182550782
4,3,401.464667163008,17,0,126.97349184087827
0,1,94.17853062764652,23,5,13.968560465270677
4,2,59.38224130168756,7,5,85.14661341298148
2,4,442.4235640055549,9,4,115.69427498590674
1,0,174.75018306580196,21,2,22.27563665929714
